SHARAD Reading at Lat,Lon: 86.9603, 239.7945
Line (Pixels),Value (DN)
0,1.2210356362629682E-4
1,8.911516488296911E-5
2,1.0074050078401342E-4
3,1.1637423449428752E-4
4,1.0260644921800122E-4
5,8.888921001926064E-5
6,1.1299597099423409E-4
7,1.535986375529319E-4
8,1.5792727936059237E-4
9,1.1056425864808261E-4
10,5.3530158766079694E-5
11,3.75557501683943E-5
12,5.810098082292825E-5
13,7.467889372492209E-5
14,8.120032725855708E-5
15,9.140962356468663E-5
16,9.03690597624518E-5
17,7.101939991116524E-5
18,6.422897422453389E-5
19,8.673818228999153E-5
20,1.1309498950140551E-4
21,1.1534731311257929E-4
22,9.417283581569791E-5
23,6.476233102148399E-5
24,3.8015496102161705E-5
25,3.232151357224211E-5
26,6.543745985254645E-5
27,1.0780214506667107E-4
28,1.1050163448089734E-4
29,8.9478307927493E-5
30,8.622891618870199E-5
31,8.13593651400879E-5
32,4.961210288456641E-5
33,2.053580101346597E-5
34,1.7328133253613487E-5
35,2.4448065232718363E-5
36,3.12196571030654E-5
37,4.307769995648414E-5
38,5.749168121838011E-5
39,6.232764280866832E-5
40,5.600844815489836E-5
41,5.8487752539804205E-5
42,9.245414548786357E-5
43,1.3578672951553017E-4
44,1.2702771346084774E-4
45,7.321965676965192E-5
46,6.257378845475614E-5
47,1.0129416477866471E-4
48,9.954644337994978E-5
49,5.5456144764320925E-5
50,4.6621069486718625E-5
51,6.903449684614316E-5
52,7.848198583815247E-5
53,9.426262840861455E-5
54,1.2925703777000308E-4
55,1.4556395763065666E-4
56,1.3031954586040229E-4
57,1.1004610860254616E-4
58,1.0521039803279564E-4
59,1.2107702059438452E-4
60,1.4299331814981997E-4
61,1.425956143066287E-4
62,1.2137778685428202E-4
63,1.1092312342952937E-4
64,1.1257597361691296E-4
65,9.6039759228006E-5
66,6.361838313750923E-5
67,4.789139347849414E-5
68,5.3887277317699045E-5
69,6.128695531515405E-5
70,5.901960321352817E-5
71,4.764372351928614E-5
72,3.754597855731845E-5
73,4.27466475230176E-5
74,5.9301451983628795E-5
75,7.015115261310712E-5
76,7.436188752762973E-5
77,9.417528053745627E-5
78,1.432495191693306E-4
79,1.9164977129548788E-4
80,1.9284425070509315E-4
81,1.4645450573880225E-4
82,9.441582369618118E-5
83,6.515421409858391E-5
84,6.09357375651598E-5
85,8.091222844086587E-5
86,1.1383295350242406E-4
87,1.2469623470678926E-4
88,9.400286944583058E-5
89,5.2176670578774065E-5
90,3.6666675441665575E-5
91,4.736363916890696E-5
92,6.422365549951792E-5
93,6.770699837943539E-5
94,5.5880849686218426E-5
95,6.569045217474923E-5
96,1.2339025852270424E-4
97,1.8453622760716826E-4
98,1.91389539395459E-4
99,1.508394198026508E-4
100,1.0689582268241793E-4
101,7.950772123876959E-5
102,5.948848047410138E-5
103,3.996325904154219E-5
104,2.8259833925403655E-5
105,3.26418703480158E-5
106,5.304685691953637E-5
107,7.435841689584777E-5
108,7.499605999328196E-5
109,5.8668309065978974E-5
110,4.6661098167533055E-5
111,4.1689603676786646E-5
112,4.2881489207502455E-5
113,6.089676026022062E-5
114,8.476872608298436E-5
115,8.75213008839637E-5
116,7.251474016811699E-5
117,6.374508666340262E-5
118,6.443508027587086E-5
119,6.188799306983128E-5
120,5.542182771023363E-5
121,6.015444887452759E-5
122,8.446222636848688E-5
123,1.063465970219113E-4
124,9.620520722819492E-5
125,6.473765824921429E-5
126,4.560344677884132E-5
127,4.39973700849805E-5
128,4.7486606490565464E-5
129,5.612969471258111E-5
130,7.098151399986818E-5
131,7.975140033522621E-5
132,6.79835065966472E-5
133,4.6086897782515734E-5
134,4.6597102482337505E-5
135,6.781626143492758E-5
136,6.815162487328053E-5
137,4.448690015124157E-5
138,3.988301978097297E-5
139,5.82171487621963E-5
140,5.686897202394903E-5
141,3.4759024856612086E-5
142,4.118930155527778E-5
143,7.857137825340033E-5
144,8.815455657895654E-5
145,5.466510629048571E-5
146,2.794299871311523E-5
147,3.406658288440667E-5
148,5.733004945795983E-5
149,8.827939018374309E-5
150,1.135481579694897E-4
151,1.0414764255983755E-4
152,6.727509753545746E-5
153,5.6057378969853744E-5
154,9.880479046842083E-5
155,1.6289931954815984E-4
156,1.959116052603349E-4
157,1.7377395124640316E-4
158,1.142484979936853E-4
159,5.871113535249606E-5
160,3.334465145599097E-5
161,2.8974767701583914E-5
162,2.741932803473901E-5
163,2.64671616605483E-5
164,2.6578787583275698E-5
165,2.7337653591530398E-5
166,4.0062121115624905E-5
167,6.53049282846041E-5
168,8.227822399931028E-5
169,9.01257517398335E-5
170,1.0270619532093406E-4
171,1.0193476191489026E-4
172,7.403000199701637E-5
173,5.837319258716889E-5
174,8.6332242062781E-5
175,1.2017533299513161E-4
176,1.0682106949388981E-4
177,5.68819377804175E-5
178,3.1018458685139194E-5
179,5.6665503507247195E-5
180,9.714056068332866E-5
181,1.0779751028167084E-4
182,8.164581231540069E-5
183,5.016630530008115E-5
184,6.43041857983917E-5
185,1.2953414989169687E-4
186,1.7477877554483712E-4
187,1.5211601566988975E-4
188,1.0440030746394768E-4
189,8.098004036583006E-5
190,7.672974606975913E-5
191,7.571520109195262E-5
192,7.516876212321222E-5
193,6.863656744826585E-5
194,5.146495459484868E-5
195,3.362500137882307E-5
196,3.15663855872117E-5
197,5.685371797881089E-5
198,1.116861603804864E-4
199,1.772091054590419E-4
200,2.1076147095300257E-4
201,1.8531559908296913E-4
202,1.2506502389442176E-4
203,7.544087566202506E-5
204,5.7263445341959596E-5
205,6.174465670483187E-5
206,6.967318040551618E-5
207,7.28531158529222E-5
208,7.265955355251208E-5
209,6.873528036521748E-5
210,7.466106762876734E-5
211,1.0904618829954416E-4
212,1.5702252858318388E-4
213,1.911233557621017E-4
214,2.060433034785092E-4
215,1.9926145614590496E-4
216,1.7310127441305667E-4
217,1.5142772463150322E-4
218,1.4380835636984557E-4
219,1.29449981614016E-4
220,9.782098641153425E-5
221,6.66346459183842E-5
222,5.441711255116388E-5
223,5.1472514314809814E-5
224,3.746206857613288E-5
225,2.741440766840242E-5
226,4.8639110900694504E-5
227,7.809503586031497E-5
228,7.602070400025696E-5
229,5.6592136388644576E-5
230,5.539440826396458E-5
231,6.871652294648811E-5
232,7.431262929458171E-5
233,7.023479702183977E-5
234,6.929031223990023E-5
235,7.849971007090062E-5
236,8.941867417888716E-5
237,9.108561062021181E-5
238,8.949936454882845E-5
239,9.561656042933464E-5
240,1.050374994520098E-4
241,1.0449608089402318E-4
242,8.593405073042959E-5
243,5.74962941755075E-5
244,4.146693026996218E-5
245,4.700681165559217E-5
246,6.309211312327534E-5
247,8.609300857642666E-5
248,1.2342170521151274E-4
249,1.630286278668791E-4
250,1.6079581109806895E-4
251,9.88384272204712E-5
252,5.249047899269499E-5
253,9.737398067954928E-5
254,1.7082772683352232E-4
255,1.704073656583205E-4
256,1.1178982094861567E-4
257,6.238822970772162E-5
258,3.836246469290927E-5
259,2.8760605346178636E-5
260,2.622524152684491E-5
261,3.0153732950566337E-5
262,4.3052772525697947E-5
263,5.255396172287874E-5
264,4.867660391028039E-5
265,4.875013473792933E-5
266,6.63500395603478E-5
267,8.436290227109566E-5
268,7.799467857694253E-5
269,5.118273475090973E-5
270,3.7103553040651605E-5
271,4.3696651118807495E-5
272,4.362308754934929E-5
273,4.0678714867681265E-5
274,5.614079418592155E-5
275,6.874412065371871E-5
276,6.274451880017295E-5
277,6.138349272077903E-5
278,6.753132038284093E-5
279,6.103594932937995E-5
280,4.291852019377984E-5
281,3.050348095712252E-5
282,3.755910802283324E-5
283,6.091740942792967E-5
284,8.223173790611327E-5
285,9.360841067973524E-5
286,9.833458898356184E-5
287,9.870737994788215E-5
288,1.0346192721044645E-4
289,1.1640888260444626E-4
290,1.2352247722446918E-4
291,1.1103519500466064E-4
292,7.982709939824417E-5
293,5.374338070396334E-5
294,6.759339885320514E-5
295,1.1207132047275081E-4
296,1.315273402724415E-4
297,1.0464870138093829E-4
298,6.78243741276674E-5
299,5.579140270128846E-5
300,6.89472581143491E-5
301,8.747306128498167E-5
302,9.990138642024249E-5
303,1.1593740055104718E-4
304,1.3307026529219002E-4
305,1.2260909716133028E-4
306,8.186354534700513E-5
307,4.8568061174592E-5
308,4.658911348087713E-5
309,6.174971349537373E-5
310,6.792226486140862E-5
311,6.486995698651299E-5
312,8.171748777385801E-5
313,1.1496643855934963E-4
314,1.1357392213540152E-4
315,6.90822271280922E-5
316,3.3633739803917706E-5
317,3.0236860766308382E-5
318,3.618444679887034E-5
319,3.563243444659747E-5
320,2.9544537028414197E-5
321,2.6311639885534532E-5
322,3.411160287214443E-5
323,4.903288572677411E-5
324,6.503077747765929E-5
325,7.835044380044565E-5
326,8.178471762221307E-5
327,8.405013795709237E-5
328,1.0101243242388591E-4
329,1.1702055053319782E-4
330,1.1046774307033047E-4
331,1.0111836309079081E-4
332,1.2086185597581789E-4
333,1.5736139903310686E-4
334,1.5860806161072105E-4
335,1.0668275353964418E-4
336,6.999718607403338E-5
337,1.114277183660306E-4
338,1.68146681971848E-4
339,1.4971650671213865E-4
340,1.027208345476538E-4
341,1.2286413402762264E-4
342,1.8413459474686533E-4
343,1.947893324540928E-4
344,1.3910200505051762E-4
345,7.377597648883238E-5
346,4.893990626442246E-5
347,7.221508712973446E-5
348,1.1728456593118608E-4
349,1.542182289995253E-4
350,1.6514136223122478E-4
351,1.3781554298475385E-4
352,8.340120257344097E-5
353,4.89855301566422E-5
354,6.0610120272031054E-5
355,8.22802321636118E-5
356,8.407786663156003E-5
357,9.466993651585653E-5
358,1.3050890993326902E-4
359,1.5183500363491476E-4
360,1.3782938185613602E-4
361,1.1722184717655182E-4
362,1.0708103945944458E-4
363,1.0542777454247698E-4
364,1.2077538849553093E-4
365,1.4865226694382727E-4
366,1.648076286073774E-4
367,1.6407652583438903E-4
368,1.610277540748939E-4
369,1.545327831991017E-4
370,1.370459794998169E-4
371,1.3609352754428983E-4
372,1.753634714987129E-4
373,1.9642995903268456E-4
374,1.340968010481447E-4
375,4.6759880206082016E-5
376,3.0175209758454002E-5
377,6.390570342773572E-5
378,7.21522155799903E-5
379,4.7210494813043624E-5
380,2.772414700302761E-5
381,3.325194484204985E-5
382,5.2477360441116616E-5
383,5.71113450860139E-5
384,3.9503407606389374E-5
385,3.7736921512987465E-5
386,8.323971269419417E-5
387,1.4386139810085297E-4
388,1.6905598749872297E-4
389,1.620627153897658E-4
390,1.6143023094628006E-4
391,1.7544256115797907E-4
392,1.7223405302502215E-4
393,1.3333751121535897E-4
394,8.440964302280918E-5
395,5.360319119063206E-5
396,3.9507969631813467E-5
397,3.96508039557375E-5
398,6.094903073972091E-5
399,9.66379011515528E-5
400,1.2938297004438937E-4
401,1.4535238733515143E-4
402,1.3496651081368327E-4
403,1.0118928184965625E-4
404,6.865969771752134E-5
405,6.50488946121186E-5
406,8.755684393690899E-5
407,1.0982453386532143E-4
408,1.2070328375557438E-4
409,1.1954565707128495E-4
410,9.669940482126549E-5
411,6.15727185504511E-5
412,4.3494481360539794E-5
413,4.393177732708864E-5
414,4.1148014133796096E-5
415,2.9375141821219586E-5
416,2.3485687052016146E-5
417,4.619672108674422E-5
418,9.35281568672508E-5
419,1.1789878772106022E-4
420,9.424392192158848E-5
421,5.9244484873488545E-5
422,4.665088636102155E-5
423,4.908704067929648E-5
424,5.151019649929367E-5
425,5.038493327447213E-5
426,5.0935890612890944E-5
427,5.903436613152735E-5
428,6.544888310600072E-5
429,5.987891199765727E-5
430,5.5431628425139934E-5
431,6.0376351029844955E-5
432,5.411434540292248E-5
433,3.170215495629236E-5
434,2.4586302970419638E-5
435,4.7490993893006817E-5
436,7.729388016741723E-5
437,9.18639125302434E-5
438,8.572017395636067E-5
439,6.502086762338877E-5
440,5.2252147725084797E-5
441,5.899910320295021E-5
442,5.78250692342408E-5
443,3.0972263630246744E-5
444,1.2469869034248404E-5
445,2.6157806132687256E-5
446,3.895376721629873E-5
447,2.742297510849312E-5
448,1.9800576410489157E-5
449,3.2604613807052374E-5
450,4.287693809601478E-5
451,4.399718818604015E-5
452,5.50752884009853E-5
453,7.344835466938093E-5
454,7.517461926909164E-5
455,5.299523763824254E-5
456,2.4225993911386468E-5
457,1.3140111150278244E-5
458,3.157708852086216E-5
459,6.688183930236846E-5
460,9.092319669434801E-5
461,8.794356836006045E-5
462,6.835418753325939E-5
463,4.797533983946778E-5
464,3.184803790645674E-5
465,3.0272452931967564E-5
466,5.478957245941274E-5
467,8.503687422489747E-5
468,8.464898564852774E-5
469,5.700414112652652E-5
470,4.425634688232094E-5
471,6.746548024239019E-5
472,9.636203321861103E-5
473,9.010494250105694E-5
474,5.076952220406383E-5
475,1.8678323613130488E-5
476,2.316831159987487E-5
477,4.6463843318633735E-5
478,5.107756078359671E-5
479,4.8603658797219396E-5
480,8.050281030591577E-5
481,1.2793310452252626E-4
482,1.3942744408268481E-4
483,1.232474169228226E-4
484,1.1724292562576011E-4
485,1.2049012730130926E-4
486,1.1061203258577734E-4
487,7.984545663930476E-5
488,4.371926479507238E-5
489,3.180226485710591E-5
490,5.93105869484134E-5
491,1.1392404121579602E-4
492,1.645351730985567E-4
493,1.732490782160312E-4
494,1.3267640315461904E-4
495,8.669101953273639E-5
496,7.065371028147638E-5
497,6.309651507763192E-5
498,4.090708171133883E-5
499,3.4591081202961504E-5
500,7.869619730627164E-5
501,1.4289072714745998E-4
502,1.6290733765345067E-4
503,1.2370191689115018E-4
504,6.965360080357641E-5
505,4.21712247771211E-5
506,4.222645657137036E-5
507,4.777833237312734E-5
508,4.301131411921233E-5
509,3.098921661148779E-5
510,2.4623655917821452E-5
511,2.776040491880849E-5
512,3.3740194339770824E-5
513,3.63518665835727E-5
514,3.32180607074406E-5
515,3.561888661351986E-5
516,6.514249253086746E-5
517,1.1125005403300747E-4
518,1.287987979594618E-4
519,1.0342098539695144E-4
520,6.669770664302632E-5
521,4.2651321564335376E-5
522,3.0116279958747327E-5
523,2.6298735974705778E-5
524,3.449645373621024E-5
525,5.279271135805175E-5
526,6.426605978049338E-5
527,5.7517427194397897E-5
528,6.0877297073602676E-5
529,1.0303326416760683E-4
530,1.399394532199949E-4
531,1.1256174184381962E-4
532,5.7100103731499985E-5
533,4.2270825360901654E-5
534,5.666312426910736E-5
535,6.634354940615594E-5
536,7.826591172488406E-5
537,8.666051144246012E-5
538,7.709614874329418E-5
539,6.573364225914702E-5
540,5.9855614381376654E-5
541,5.6036973546724766E-5
542,6.5635445935186E-5
543,7.734583778074011E-5
544,7.525517139583826E-5
545,8.462146070087329E-5
546,1.1127765174023807E-4
547,1.163459601229988E-4
548,9.56692747422494E-5
549,9.371758642373607E-5
550,1.4086994633544236E-4
551,2.1640835620928556E-4
552,2.602408640086651E-4
553,2.3578172840643674E-4
554,1.680579734966159E-4
555,9.90995395113714E-5
556,5.287224848871119E-5
557,3.82539838028606E-5
558,4.343398177297786E-5
559,4.8469813918927684E-5
560,4.428032843861729E-5
561,3.545984873198904E-5
562,4.878209074377082E-5
563,9.75114235188812E-5
564,1.3128294085618109E-4
565,1.0608376760501415E-4
566,7.315539551200345E-5
567,9.900398436002433E-5
568,1.5282562526408583E-4
569,1.6460003098472953E-4
570,1.374722778564319E-4
571,1.2523052282631397E-4
572,1.430441188858822E-4
573,1.618790120119229E-4
574,1.597870432306081E-4
575,1.4095469668973237E-4
576,1.2232206063345075E-4
577,1.0919068881776184E-4
578,8.668175723869354E-5
579,5.2194809541106224E-5
580,3.269018270657398E-5
581,4.3585383536992595E-5
582,6.151134584797546E-5
583,6.228112761164084E-5
584,5.786283145425841E-5
585,7.037231989670545E-5
586,9.391218918608502E-5
587,1.086112461052835E-4
588,1.0779833246488124E-4
589,9.455137478653342E-5
590,7.342557364609092E-5
591,5.012465044273995E-5
592,3.497581201372668E-5
593,4.317662387620658E-5
594,7.165876741055399E-5
595,8.75701880431734E-5
596,6.977291195653379E-5
597,4.342457032180391E-5
598,4.731188528239727E-5
599,8.395676559302956E-5
600,1.2203602818772197E-4
601,1.3444569776766002E-4
602,1.1819220526376739E-4
603,8.862401591613889E-5
604,6.533251143991947E-5
605,5.8036941481987014E-5
606,6.341210973914713E-5
607,7.291684596566483E-5
608,7.664014992769808E-5
609,6.518122245324776E-5
610,4.200509283691645E-5
611,2.9001248549320735E-5
612,4.14993628510274E-5
613,6.516291614389047E-5
614,7.681492570554838E-5
615,7.584352715639398E-5
616,7.839620957383886E-5
617,9.173427679343149E-5
618,1.0484526865184307E-4
619,1.0328172356821597E-4
620,9.13054755073972E-5
621,8.865791460266337E-5
622,1.0594424384180456E-4
623,1.4381951768882573E-4
624,1.9884775974787772E-4
625,2.3670634254813194E-4
626,2.0493994816206396E-4
627,1.1530257324920967E-4
628,4.918156628264114E-5
629,4.844674913329072E-5
630,7.298267883015797E-5
631,7.720220310147852E-5
632,6.11601208220236E-5
633,5.0251077482244E-5
634,6.356421363307163E-5
635,8.75291443662718E-5
636,8.682828047312796E-5
637,6.06500034336932E-5
638,4.380446989671327E-5
639,4.839609391638078E-5
640,6.066732748877257E-5
641,7.208657189039513E-5
642,7.57829038775526E-5
643,6.574435974471271E-5
644,4.947269189869985E-5
645,4.606105721904896E-5
646,6.997363379923627E-5
647,1.0678791295504197E-4
648,1.2120677274651825E-4
649,1.0394885612186044E-4
650,7.866806845413521E-5
651,6.556495645781979E-5
652,7.004874350968748E-5
653,8.58472049003467E-5
654,9.429064812138677E-5
655,8.267937664641067E-5
656,6.151245906949043E-5
657,5.856172720086761E-5
658,9.344898717245087E-5
659,1.4245086640585214E-4
660,1.5677631017751992E-4
661,1.3149828009773046E-4
662,1.0152190952794626E-4
663,8.108919428195804E-5
664,6.844695599284023E-5
665,7.051503052935004E-5
666,8.3649400039576E-5
667,9.265130938729271E-5
668,9.181668428936973E-5
669,8.109256305033341E-5
670,6.189721898408607E-5
671,4.447884202818386E-5
672,3.855237446259707E-5
673,4.113609975320287E-5
674,4.842593625653535E-5
675,6.615206802962348E-5
676,8.988165791379288E-5
677,9.628685802454129E-5
678,7.859585457481444E-5
679,6.458281859522685E-5
680,7.709135388722643E-5
681,1.0220034891972318E-4
682,1.0864873911486939E-4
683,8.320988854393363E-5
684,4.742734017781913E-5
685,3.515720527502708E-5
686,4.616879596142098E-5
687,5.072967542218976E-5
688,4.16575676354114E-5
689,3.719514643307775E-5
690,4.360141610959545E-5
691,5.5896460253279656E-5
692,7.446070958394557E-5
693,9.616382158128545E-5
694,1.1566095781745389E-4
695,1.42415301525034E-4
696,1.8016308604273945E-4
697,1.964778348337859E-4
698,1.6339885769411922E-4
699,1.0838724119821563E-4
700,7.092708256095648E-5
701,5.052760025137104E-5
702,4.071732473676093E-5
703,5.298830728861503E-5
704,7.923709927126765E-5
705,8.841244562063366E-5
706,7.305647886823863E-5
707,5.3187224693829194E-5
708,3.569331602193415E-5
709,2.271807170473039E-5
710,4.111554881092161E-5
711,8.940313273342326E-5
712,1.0329199722036719E-4
713,6.017775012878701E-5
714,3.3354139304719865E-5
715,6.554877472808585E-5
716,1.0325350740458816E-4
717,1.0784408368635923E-4
718,1.0793777619255707E-4
719,1.2367092131171376E-4
720,1.4230277156457305E-4
721,1.4679887681268156E-4
722,1.1690983228618279E-4
723,6.39591453364119E-5
724,5.106632670504041E-5
725,1.0106361878570169E-4
726,1.4557212125509977E-4
727,1.247447362402454E-4
728,6.954034324735403E-5
729,5.044336649007164E-5
730,8.537173562217504E-5
731,1.2892881932202727E-4
732,1.353738334728405E-4
733,9.630282147554681E-5
734,4.0913935663411394E-5
735,1.9943761799368076E-5
736,4.661511047743261E-5
737,7.477047620341182E-5
738,7.100644870661199E-5
739,5.224617416388355E-5
740,4.447705941856839E-5
741,5.08238299516961E-5
742,5.8272897149436176E-5
743,7.022223144304007E-5
744,1.0869937250390649E-4
745,1.599301613168791E-4
746,1.684467715676874E-4
747,1.1396448826417327E-4
748,4.633014395949431E-5
749,2.6986737793777138E-5
750,6.958489393582568E-5
751,1.438658218830824E-4
752,2.0916412177029997E-4
753,2.396853524260223E-4
754,2.3472902830690145E-4
755,2.095099480357021E-4
756,1.777918078005314E-4
757,1.4680162712465972E-4
758,1.2187365791760385E-4
759,1.05310209619347E-4
760,8.984610758488998E-5
761,6.533003033837304E-5
762,4.0626815462019295E-5
763,3.9028640458127484E-5
764,5.7565150200389326E-5
765,6.9192930823192E-5
766,7.318537245737389E-5
767,8.133782830554992E-5
768,7.461843779310584E-5
769,4.988876389688812E-5
770,4.718713171314448E-5
771,6.762128759874031E-5
772,6.477578426711261E-5
773,4.165054997429252E-5
774,4.419378092279658E-5
775,7.577401993330568E-5
776,9.977984882425517E-5
777,9.045750630320981E-5
778,5.6032320571830496E-5
779,3.665221811388619E-5
780,5.971208156552166E-5
781,1.0209710308117792E-4
782,1.2578372843563557E-4
783,1.1965188605245203E-4
784,8.922378765419126E-5
785,4.97629152960144E-5
786,3.435117832850665E-5
787,5.495911682373844E-5
788,7.084958633640781E-5
789,5.5235421314137056E-5
790,3.786194065469317E-5
791,3.510030728648417E-5
792,2.7861944545293227E-5
793,2.14219544432126E-5
794,4.0328650356968865E-5
795,7.859764446038753E-5
796,1.0872037819353864E-4
797,1.1906911095138639E-4
798,1.1373844608897343E-4
799,9.58220916800201E-5
800,7.477650797227398E-5
801,6.326468428596854E-5
802,5.3429033869178966E-5
803,4.0200582589022815E-5
804,5.124162998981774E-5
805,9.327234147349373E-5
806,1.1551760690053925E-4
807,8.540774433640763E-5
808,4.007364623248577E-5
809,2.374934956606012E-5
810,3.584330988815054E-5
811,5.855508061358705E-5
812,7.984969124663621E-5
813,8.564417657908052E-5
814,7.195455691544339E-5
815,5.75758058403153E-5
816,6.045099871698767E-5
817,7.52587802708149E-5
818,8.28694028314203E-5
819,7.310530781978741E-5
820,5.6391105317743495E-5
821,4.569811426335946E-5
822,3.84814920835197E-5
823,4.486999023356475E-5
824,9.522320033283904E-5
825,1.7441545787733048E-4
826,2.121036231983453E-4
827,1.7579390259925276E-4
828,1.0648596071405336E-4
829,5.703014903701842E-5
830,4.598174928105436E-5
831,5.8734382037073374E-5
832,6.827672041254118E-5
833,5.94441189605277E-5
834,4.611074837157503E-5
835,6.87296997057274E-5
836,1.453052827855572E-4
837,2.2201323008630425E-4
838,2.2984783572610468E-4
839,1.8329930026084185E-4
840,1.4508093590848148E-4
841,1.2308907753322273E-4
842,9.193207370117307E-5
843,6.466210470534861E-5
844,6.255141488509253E-5
845,6.87025094521232E-5
846,6.342138658510521E-5
847,5.957190660410561E-5
848,6.956981815164909E-5
849,7.60520706535317E-5
850,6.386455788742751E-5
851,4.3359708797652274E-5
852,3.0612176487920806E-5
853,3.9164999179774895E-5
854,7.185091089922935E-5
855,1.0410060349386185E-4
856,1.1184637696715072E-4
857,1.0271463543176651E-4
858,9.018580749398097E-5
859,7.22900076652877E-5
860,5.2721101383212954E-5
861,4.7320721932919696E-5
862,5.89766823395621E-5
863,7.677493704250082E-5
864,1.0629115422489122E-4
865,1.5055362018756568E-4
866,1.635513617657125E-4
867,1.117259162128903E-4
868,5.3799201850779355E-5
869,5.110174242872745E-5
870,7.197882223408669E-5
871,7.393815758405253E-5
872,7.597523654112592E-5
873,9.959767339751124E-5
874,1.2369919568300247E-4
875,1.2014517415082082E-4
876,9.454624523641542E-5
877,6.93019392201677E-5
878,4.524827454588376E-5
879,2.352456795051694E-5
880,3.2555803045397624E-5
881,7.697462569922209E-5
882,1.1231929966015741E-4
883,1.0896135790972039E-4
884,8.091831841738895E-5
885,4.96255888720043E-5
886,3.1025436328491196E-5
887,3.30368202412501E-5
888,4.3656382331391796E-5
889,5.4081992857391015E-5
890,7.216967060230672E-5
891,8.893954509403557E-5
892,8.73296448844485E-5
893,8.715464355191216E-5
894,1.1423938121879473E-4
895,1.458866463508457E-4
896,1.4658915461041033E-4
897,1.24195430544205E-4
898,1.0982419917127118E-4
899,1.1305632506264374E-4
900,1.1379184434190392E-4
901,8.85348636074923E-5
902,5.8530746173346415E-5
903,8.086507295956835E-5
904,1.45997095387429E-4
905,1.6249816690105945E-4
906,1.020231211441569E-4
907,5.0182698032585904E-5
908,6.740046228514984E-5
909,1.051929866662249E-4
910,9.445272735320032E-5
911,4.749974687001668E-5
912,2.827070238708984E-5
913,4.873731450061314E-5
914,6.418519478756934E-5
915,5.857917494722642E-5
916,5.4278185416478664E-5
917,6.198817573022097E-5
918,7.759533764328808E-5
919,9.356777445646003E-5
920,1.0290264617651701E-4
921,1.111342862714082E-4
922,1.2025266187265515E-4
923,1.1539505067048594E-4
924,9.555715951137245E-5
925,7.881156489020213E-5
926,7.163321424741298E-5
927,7.201689732028171E-5
928,8.575675747124478E-5
929,1.166618094430305E-4
930,1.5308184083551168E-4
931,1.6570667503401637E-4
932,1.343774638371542E-4
933,8.737164171179757E-5
934,7.23339690011926E-5
935,9.011855581775308E-5
936,1.1113981599919498E-4
937,1.2695534678641707E-4
938,1.3387481158133596E-4
939,1.1707913654390723E-4
940,8.882411202648655E-5
941,8.854885527398437E-5
942,1.2518810399342328E-4
943,1.6039746697060764E-4
944,1.5673805319238454E-4
945,1.2187838729005307E-4
946,1.0297407425241545E-4
947,1.326744386460632E-4
948,1.7731641128193587E-4
949,1.7007754649966955E-4
950,1.0456986638018861E-4
951,4.4779819290852174E-5
952,3.505662243696861E-5
953,5.767702896264382E-5
954,7.798781734891236E-5
955,7.979536894708872E-5
956,6.710468733217567E-5
957,6.690455484203994E-5
958,1.0907225805567577E-4
959,1.8302163516636938E-4
960,2.341583021916449E-4
961,2.124680468114093E-4
962,1.2885376054327935E-4
963,6.145539373392239E-5
964,6.760042015230283E-5
965,1.028401093208231E-4
966,9.826022142078727E-5
967,7.196232763817534E-5
968,7.209657633211464E-5
969,8.3717837696895E-5
970,7.294496754184365E-5
971,4.6215638576541096E-5
972,2.602589302114211E-5
973,2.213970037701074E-5
974,2.9765838917228393E-5
975,4.0287945012096316E-5
976,5.7814791944110766E-5
977,8.269496174762025E-5
978,8.825566328596324E-5
979,5.913588756811805E-5
980,2.7684671294991858E-5
981,2.6652744054445066E-5
982,4.5061457058181986E-5
983,6.390242924680933E-5
984,8.063211134867743E-5
985,8.173359674401581E-5
986,5.8412661019247025E-5
987,4.176491711405106E-5
988,5.387241253629327E-5
989,6.539198511745781E-5
990,5.54744983674027E-5
991,4.681035352405161E-5
992,5.4496453230967745E-5
993,6.654429307673126E-5
994,7.2588307375554E-5
995,7.038682088023052E-5
996,6.427437620004639E-5
997,6.473137182183564E-5
998,7.45365978218615E-5
999,9.220467472914606E-5
1000,1.1392374290153384E-4
1001,1.1678732698783278E-4
1002,9.014494571601972E-5
1003,7.091851875884458E-5
1004,8.85732879396528E-5
1005,1.1646847269730642E-4
1006,1.1435209307819605E-4
1007,8.164571045199409E-5
1008,5.941945346421562E-5
1009,7.662775169592351E-5
1010,9.984113421523944E-5
1011,8.253013220382854E-5
1012,4.009727490483783E-5
1013,1.851488195825368E-5
1014,3.037047281395644E-5
1015,5.841721940669231E-5
1016,8.333692676387727E-5
1017,9.466137998970225E-5
1018,8.941404666984454E-5
1019,6.868057243991643E-5
1020,4.4018659536959603E-5
1021,3.1736839446239173E-5
1022,3.193545126123354E-5
1023,3.351515988470055E-5
1024,3.394651139387861E-5
1025,3.895059126080014E-5
1026,5.142255758983083E-5
1027,6.0863589169457555E-5
1028,5.3201143600745127E-5
1029,3.9347720303339884E-5
1030,4.1032493754755706E-5
1031,5.4336462198989466E-5
1032,6.68807333568111E-5
1033,7.78487155912444E-5
1034,7.934552559163421E-5
1035,6.50318615953438E-5
1036,5.186601265450008E-5
1037,5.5638261983403936E-5
1038,6.802305142628029E-5
1039,8.025261922739446E-5
1040,9.987221710616723E-5
1041,1.2601604976225644E-4
1042,1.3777978892903775E-4
1043,1.25277423649095E-4
1044,1.050024657160975E-4
1045,8.889678429113701E-5
1046,6.799103721277788E-5
1047,4.6934521378716454E-5
1048,5.757476174039766E-5
1049,1.0570814629318193E-4
1050,1.4559504052158445E-4
1051,1.426022354280576E-4
1052,1.1867998546222225E-4
1053,1.0760418808786198E-4
1054,1.0562468378338963E-4
1055,9.070931992027909E-5
1056,6.164078513393179E-5
1057,3.710316741489805E-5
1058,3.123323403997347E-5
1059,4.489779530558735E-5
1060,7.417695451295003E-5
1061,1.1121439456474036E-4
1062,1.3068949920125306E-4
1063,1.0466511594131589E-4
1064,5.933073043706827E-5
1065,6.651236617472023E-5
1066,1.317362330155447E-4
1067,1.6847856750246137E-4
1068,1.3012650015298277E-4
1069,6.688872235827148E-5
1070,2.9709437512792647E-5
1071,2.0489336748141795E-5
1072,2.8280066544539295E-5
1073,4.3198466300964355E-5
1074,6.210700666997582E-5
1075,9.51638794504106E-5
1076,1.2945153866894543E-4
1077,1.2168804096290842E-4
1078,7.137793727451935E-5
1079,4.44792203779798E-5
1080,8.163666643667966E-5
1081,1.3785407645627856E-4
1082,1.4790704881306738E-4
1083,1.1010259913746268E-4
1084,7.750396616756916E-5
1085,8.9788663899526E-5
1086,1.362562907161191E-4
1087,1.754956174409017E-4
1088,1.738982682581991E-4
1089,1.331625389866531E-4
1090,9.081253665499389E-5
1091,7.917805487522855E-5
1092,8.731222624192014E-5
1093,8.670953684486449E-5
1094,7.225949229905382E-5
1095,5.269034954835661E-5
1096,3.300753451185301E-5
1097,1.967654679901898E-5
1098,1.792691182345152E-5
1099,2.83560948446393E-5
1100,5.155281542101875E-5
1101,7.875888695707545E-5
1102,8.71388110681437E-5
1103,6.478827708633617E-5
1104,3.2469626603415236E-5
1105,2.278915053466335E-5
1106,3.9499489503214136E-5
1107,5.678015077137388E-5
1108,5.9608508308883756E-5
1109,6.0386893892427906E-5
1110,7.243884465424344E-5
1111,9.18564255698584E-5
1112,1.1199450091226026E-4
1113,1.3232271885499358E-4
1114,1.453517033951357E-4
1115,1.3843530905433E-4
1116,1.1293104034848511E-4
1117,8.168018393917009E-5
1118,5.1859668019460514E-5
1119,2.7528078135219403E-5
1120,2.0668445358751342E-5
1121,3.954682688345201E-5
1122,6.6303153289482E-5
1123,7.12757755536586E-5
1124,5.573679300141521E-5
1125,4.6194898459361866E-5
1126,4.8846170102478936E-5
1127,5.5326352594420314E-5
1128,7.308817293960601E-5
1129,1.0017341264756396E-4
1130,1.1041449033655226E-4
1131,1.0615713108563796E-4
1132,1.211227718158625E-4
1133,1.4322272909339517E-4
1134,1.265035680262372E-4
1135,9.455184772377834E-5
1136,1.1599482240853831E-4
1137,1.6979401698336005E-4
1138,1.6814049740787596E-4
1139,1.1015660857083276E-4
1140,7.391410326818004E-5
1141,8.228718797909096E-5
1142,1.0154836490983143E-4
1143,1.1556660319911316E-4
1144,1.1184700269950554E-4
1145,7.747154450044036E-5
1146,4.684543455368839E-5
1147,5.581010191235691E-5
1148,7.468354306183755E-5
1149,7.823280611773953E-5
1150,9.089562809094787E-5
1151,1.0630660108290613E-4
1152,8.782503573456779E-5
1153,5.0618786190170795E-5
1154,3.371456841705367E-5
1155,3.5373170248931274E-5
1156,3.754761200980283E-5
1157,3.810642010648735E-5
1158,4.5411987230181694E-5
1159,6.903317262185737E-5
1160,9.626057726563886E-5
1161,9.381003474118188E-5
1162,5.97265679971315E-5
1163,3.011794797203038E-5
1164,2.9168919354560785E-5
1165,4.981655001756735E-5
1166,6.447760097216815E-5
1167,5.436924402602017E-5
1168,4.2541505536064506E-5
1169,5.594797767116688E-5
1170,7.424467912642285E-5
1171,7.244533480843529E-5
1172,6.564859359059483E-5
1173,7.62247946113348E-5
1174,1.0201047552982345E-4
1175,1.1951047054026276E-4
1176,1.0393263801233843E-4
1177,6.541690527228639E-5
1178,4.888136390945874E-5
1179,7.42592746973969E-5
1180,1.0752523667179048E-4
1181,1.0811736137839034E-4
1182,7.817643927410245E-5
1183,4.886573879048228E-5
1184,3.393162114662118E-5
1185,2.9993658245075494E-5
1186,5.2363018767209724E-5
1187,1.131902972701937E-4
1188,1.7717252194415778E-4
1189,1.965038536582142E-4
1190,1.673082006163895E-4
1191,1.2086638162145391E-4
1192,8.883518603397533E-5
1193,8.249443635577336E-5
1194,8.758912736084312E-5
1195,8.660912135383114E-5
1196,8.002797403605655E-5
1197,7.374975393759087E-5
1198,6.806152669014409E-5
1199,6.257398490561172E-5
1200,5.1173799874959514E-5
1201,3.168506736983545E-5
1202,2.373160168644972E-5
1203,3.865366306854412E-5
1204,5.7530363847035915E-5
1205,6.758847302990034E-5
1206,7.076069596223533E-5
1207,6.715962808812037E-5
1208,7.229601760627702E-5
1209,9.423858136869967E-5
1210,1.0114199540112168E-4
1211,8.537507528671995E-5
1212,8.088596950983629E-5
1213,8.102182619040832E-5
1214,7.004998769843951E-5
1215,8.697290468262509E-5
1216,1.3298614067025483E-4
1217,1.4211259258445352E-4
1218,1.0381444008089602E-4
1219,7.222097337944433E-5
1220,6.928295624675229E-5
1221,7.748731877654791E-5
1222,7.940916839288548E-5
1223,6.511753599625081E-5
1224,3.9797967474441975E-5
1225,3.154927253490314E-5
1226,6.778473471058533E-5
1227,1.3102713273838162E-4
1228,1.652692153584212E-4
1229,1.5100104792509228E-4
1230,1.2248555140104145E-4
1231,9.602311183698475E-5
1232,6.358732935041189E-5
1233,4.6019184082979336E-5
1234,6.228371785255149E-5
1235,8.770806743996218E-5
1236,1.0578201909083873E-4
1237,1.331457169726491E-4
1238,1.6711850184947252E-4
1239,1.7820586799643934E-4
1240,1.55379791976884E-4
1241,1.1759578046621755E-4
1242,9.029025386553258E-5
1243,8.164398605003953E-5
1244,8.144263119902462E-5
1245,8.451012399746105E-5
1246,9.132501145359129E-5
1247,8.597085252404213E-5
1248,6.096179276937619E-5
1249,5.13237391714938E-5
1250,8.125524618662894E-5
1251,1.1017574433935806E-4
1252,9.920607408275828E-5
1253,7.78743124101311E-5
1254,8.96854471648112E-5
1255,1.3045361265540123E-4
1256,1.6679659893270582E-4
1257,1.6815008712001145E-4
1258,1.2348912423476577E-4
1259,6.333096098387614E-5
1260,4.8037589294835925E-5
1261,8.975362288765609E-5
1262,1.1623616592260078E-4
1263,8.07877368060872E-5
1264,4.3973886931780726E-5
1265,6.277377542573959E-5
1266,1.0471211862750351E-4
1267,1.3195420615375042E-4
1268,1.46975988172926E-4
1269,1.42351069371216E-4
1270,1.0550612205406651E-4
1271,6.14304153714329E-5
1272,5.307556421030313E-5
1273,7.654908404219896E-5
1274,7.939370698295534E-5
1275,5.017354487790726E-5
1276,3.62865102943033E-5
1277,4.730391447083093E-5
1278,4.733620517072268E-5
1279,3.7568275729427114E-5
1280,4.598480882123113E-5
1281,7.355493289651349E-5
1282,1.0534578905208036E-4
1283,1.2882221199106425E-4
1284,1.3111067528370768E-4
1285,1.0889654367929325E-4
1286,8.016442734515294E-5
1287,7.093097519828007E-5
1288,8.039663953240961E-5
1289,7.964753604028374E-5
1290,6.345801375573501E-5
1291,6.815794040448964E-5
1292,1.1608131171669811E-4
1293,1.7572211800143123E-4
1294,1.9573461031541228E-4
1295,1.5949907538015395E-4
1296,9.840833808993921E-5
1297,5.793994205305353E-5
1298,5.1175175030948594E-5
1299,5.7761240896070376E-5
1300,6.568958633579314E-5
1301,7.381469913525507E-5
1302,6.508571095764637E-5
1303,3.6151090171188116E-5
1304,2.4529486836399883E-5
1305,4.8336380132241175E-5
1306,6.808996113250032E-5
1307,5.5958069424377754E-5
1308,4.2258638131897897E-5
1309,5.422689355327748E-5
1310,6.82631361996755E-5
1311,5.713458813261241E-5
1312,3.458794526522979E-5
1313,2.6894322218140587E-5
1314,3.78667791665066E-5
1315,5.4867694416316226E-5
1316,6.596966704819351E-5
1317,6.830017809988931E-5
1318,6.505790952360258E-5
1319,5.958831388852559E-5
1320,5.881352262804285E-5
1321,6.6163316660095E-5
1322,7.106806879164651E-5
1323,6.732835026923567E-5
1324,6.219650094863027E-5
1325,5.500400948221795E-5
1326,4.076105324202217E-5
1327,2.802026574499905E-5
1328,2.3905116904643364E-5
1329,2.4969160222099163E-5
1330,3.274372284067795E-5
1331,5.085971861262806E-5
1332,7.450675184372813E-5
1333,9.53256749198772E-5
1334,1.0518435738049448E-4
1335,1.0717748227762058E-4
1336,1.1632894165813923E-4
1337,1.2502037861850113E-4
1338,1.1637115676421672E-4
1339,1.173923519672826E-4
1340,1.4410151925403625E-4
1341,1.4096693485043943E-4
1342,8.699915633769706E-5
1343,5.2397728723008186E-5
1344,6.486711936304346E-5
1345,6.794093496864662E-5
1346,4.436383824213408E-5
1347,3.7006546335760504E-5
1348,5.949682235950604E-5
1349,8.67564303916879E-5
1350,1.0066685354104266E-4
1351,9.769057214725763E-5
1352,8.611052908236161E-5
1353,8.624783367849886E-5
1354,1.0394236596766859E-4
1355,1.1261684994678944E-4
1356,9.236760524800047E-5
1357,6.926304195076227E-5
1358,8.001781679922715E-5
1359,1.1393763270461932E-4
1360,1.285577891394496E-4
1361,1.1482914123916999E-4
1362,9.996452718041837E-5
1363,8.949929178925231E-5
1364,7.117610948625952E-5
1365,6.531029066536576E-5
1366,9.344721911475062E-5
1367,1.2427823094185442E-4
1368,1.2364095891825855E-4
1369,1.1405725672375411E-4
1370,1.2985547073185444E-4
1371,1.6196978685911745E-4
1372,1.7792818835005164E-4
1373,1.5830452321097255E-4
1374,1.1025066487491131E-4
1375,6.879328429931775E-5
1376,6.27236659056507E-5
1377,7.034779991954565E-5
1378,5.5314892961177975E-5
1379,3.582181307137944E-5
1380,4.948175774188712E-5
1381,8.37342522572726E-5
1382,1.0657643724698573E-4
1383,1.0815579298650846E-4
1384,8.691881521372125E-5
1385,5.489708564709872E-5
1386,3.5289343941258267E-5
1387,3.4516713640186936E-5
1388,5.232923649600707E-5
1389,8.290361438412219E-5
1390,9.54610513872467E-5
1391,7.632742199348286E-5
1392,5.6963039241964E-5
1393,5.503527063410729E-5
1394,5.5147796956589445E-5
1395,5.609678555629216E-5
1396,6.063783075660467E-5
1397,4.857858220930211E-5
1398,2.43241975113051E-5
1399,2.7724579922505654E-5
1400,5.88456641708035E-5
1401,7.571813330287114E-5
1402,7.127222488634288E-5
1403,7.021451892796904E-5
1404,7.478809129679576E-5
1405,7.01386816217564E-5
1406,5.224367851042189E-5
1407,3.128020398435183E-5
1408,2.286272319906857E-5
1409,3.506473876768723E-5
1410,6.352848140522838E-5
1411,9.099859016714618E-5
1412,9.496050188317895E-5
1413,7.867773092584684E-5
1414,7.344246114371344E-5
1415,9.123903146246448E-5
1416,1.1037325020879507E-4
1417,1.0899405606323853E-4
1418,8.573279046686366E-5
1419,6.188850966282189E-5
1420,6.23560554231517E-5
1421,7.746784103801474E-5
1422,7.592874317197129E-5
1423,6.0739861510228366E-5
1424,6.256758933886886E-5
1425,8.58630082802847E-5
1426,1.0680851846700534E-4
1427,1.1213170364499092E-4
1428,1.1082286800956354E-4
1429,1.1420681403251365E-4
1430,1.2022138253087178E-4
1431,1.1710420221788809E-4
1432,9.597026655683294E-5
1433,6.572939309990034E-5
1434,5.005705315852538E-5
1435,5.2442122978391126E-5
1436,5.802444866276346E-5
1437,8.018770313356072E-5
1438,1.2560252798721194E-4
1439,1.3818946899846196E-4
1440,8.826451085042208E-5
1441,4.2261679482180625E-5
1442,5.137174593983218E-5
1443,8.024714043131098E-5
1444,8.461094694212079E-5
1445,6.18647100054659E-5
1446,3.359520633239299E-5
1447,2.070443042612169E-5
1448,1.9459153918433003E-5
1449,1.9757464542635716E-5
1450,3.419726635911502E-5
1451,6.485191261162981E-5
1452,8.557196997571737E-5
1453,8.22794609121047E-5
1454,6.296781066339463E-5
1455,4.192714914097451E-5
1456,3.583458237699233E-5
1457,4.259656270733103E-5
1458,4.045782770845108E-5
1459,2.9410968636511825E-5
1460,3.165741509292275E-5
1461,4.846319279749878E-5
1462,5.9812246036017314E-5
1463,6.213594315340742E-5
1464,7.247000758070499E-5
1465,9.710507583804429E-5
1466,1.2089651863789186E-4
1467,1.262024015886709E-4
1468,1.0895451850956306E-4
1469,8.161716687027365E-5
1470,5.891705586691387E-5
1471,3.8894719182280824E-5
1472,1.792076182027813E-5
1473,1.6856487491168082E-5
1474,6.167256651679054E-5
1475,1.448179828003049E-4
1476,2.2125380928628147E-4
1477,2.41968926275149E-4
1478,1.9998707284685224E-4
1479,1.4139540144242346E-4
1480,1.1964476288994774E-4
1481,1.3989649596624076E-4
1482,1.5051482478156686E-4
1483,1.1089100735262036E-4
1484,6.416187534341589E-5
1485,7.252440263982862E-5
1486,1.0521418153075501E-4
1487,1.0392654075985774E-4
1488,9.522125765215605E-5
1489,1.1708167585311458E-4
1490,1.320983428740874E-4
1491,1.0384468623669818E-4
1492,5.996350955683738E-5
1493,3.866102633764967E-5
1494,4.4497803173726425E-5
1495,6.152959394967183E-5
1496,7.13768822606653E-5
1497,6.347891758196056E-5
1498,4.503722084336914E-5
1499,3.884912803187035E-5
1500,5.7744306104723364E-5
1501,8.274246647488326E-5
1502,8.69234063429758E-5
1503,7.400713366223499E-5
1504,6.802588904974982E-5
1505,7.773636025376618E-5
1506,8.87188216438517E-5
1507,8.012304169824347E-5
1508,5.2599989430746064E-5
1509,3.179065970471129E-5
1510,2.7730526198865846E-5
1511,3.02997104881797E-5
1512,4.275227547623217E-5
1513,6.0546622989932075E-5
1514,6.231891893548891E-5
1515,6.262760143727064E-5
1516,9.360453259432688E-5
1517,1.350793900201097E-4
1518,1.425072696292773E-4
1519,1.1813218588940799E-4
1520,1.031550855259411E-4
1521,1.1745603842427954E-4
1522,1.342853793175891E-4
1523,1.2319246889092028E-4
1524,9.383439464727417E-5
1525,7.549459405709058E-5
1526,8.468111627735198E-5
1527,1.1726314551196992E-4
1528,1.4289880346041173E-4
1529,1.3120910443831235E-4
1530,9.268441499443725E-5
1531,6.0121252317912877E-5
1532,4.907835682388395E-5
1533,5.8708232245408E-5
1534,7.969406578922644E-5
1535,9.522564505459741E-5
1536,9.405821037944406E-5
1537,8.356745092896745E-5
1538,8.752354915486649E-5
1539,1.1617066047620028E-4
1540,1.373545965179801E-4
1541,1.173903001472354E-4
1542,7.694192754570395E-5
1543,5.2137744205538183E-5
1544,4.250726487953216E-5
1545,4.206518133287318E-5
1546,5.52640667592641E-5
1547,6.611818389501423E-5
1548,5.687811062671244E-5
1549,3.86086139769759E-5
1550,2.5568420824129134E-5
1551,2.190855229855515E-5
1552,3.656023909570649E-5
1553,6.76523195579648E-5
1554,9.266059350920841E-5
1555,9.806501475395635E-5
1556,9.06065251911059E-5
1557,7.764496695017442E-5
1558,6.451478111557662E-5
1559,6.273859617067501E-5
1560,7.669867773074657E-5
1561,9.5537950983271E-5
1562,1.0914477024925873E-4
1563,1.0796394053613767E-4
1564,8.093295764410868E-5
1565,4.128291766392067E-5
1566,1.676090687396936E-5
1567,1.1957823517150246E-5
1568,2.2026963051757775E-5
1569,4.448073013918474E-5
1570,5.8186160458717495E-5
1571,5.2657553169410676E-5
1572,6.265363481361419E-5
1573,1.1447731958469376E-4
1574,1.6976898768916726E-4
1575,1.7397826013620943E-4
1576,1.3742760347668082E-4
1577,1.1316082964185625E-4
1578,1.0963629756588489E-4
1579,9.318692173110321E-5
1580,5.9267051256028935E-5
1581,3.414989259908907E-5
1582,2.7083127861260436E-5
1583,2.861892971850466E-5
1584,3.552706039045006E-5
1585,4.715380055131391E-5
1586,5.6936260079964995E-5
1587,6.426501931855455E-5
1588,6.725458661094308E-5
1589,5.2177347242832184E-5
1590,3.291987377451733E-5
1591,5.253777635516599E-5
1592,1.0410472168587148E-4
1593,1.3312356895767152E-4
1594,1.2227270053699613E-4
1595,9.231609146809205E-5
1596,6.941367610124871E-5
1597,8.195816189981997E-5
1598,1.1395446927053854E-4
1599,1.057818008121103E-4
1600,5.4596224799752235E-5
1601,1.8276728951605037E-5
1602,1.577682633069344E-5
1603,2.2359748982125893E-5
1604,2.6919733500108123E-5
1605,3.178821498295292E-5
1606,3.906895290128887E-5
1607,4.8253768909489736E-5
1608,5.184990004636347E-5
1609,5.6802113249432296E-5
1610,8.185531623894349E-5
1611,1.0749445937108248E-4
1612,9.329651220468804E-5
1613,5.2658804634120315E-5
1614,3.27366724377498E-5
1615,4.277289190213196E-5
1616,7.322721648961306E-5
1617,1.2717758363578469E-4
1618,1.7778491019271314E-4
1619,1.752241514623165E-4
1620,1.2373120989650488E-4
1621,7.865125371608883E-5
1622,7.037038449198008E-5
1623,7.985031697899103E-5
1624,7.775515405228361E-5
1625,6.512484105769545E-5
1626,6.612855941057205E-5
1627,8.080685074673966E-5
1628,7.799894228810444E-5
1629,5.1371051085880026E-5
1630,4.471260399441235E-5
1631,9.37010845518671E-5
1632,1.6867293743416667E-4
1633,2.10393060115166E-4
1634,2.0676558779086918E-4
1635,1.8844987789634615E-4
1636,1.5927433560136706E-4
1637,1.0043881047749892E-4
1638,4.394164352561347E-5
1639,4.7569450543960556E-5
1640,9.441974543733522E-5
1641,1.1830561561509967E-4
1642,9.995774598792195E-5
1643,5.849644003319554E-5
1644,2.380191108386498E-5
1645,3.3524938771734014E-5
1646,6.535958527820185E-5
1647,5.491996853379533E-5
1648,2.9460052246577106E-5
1649,5.3369705710792914E-5
1650,8.268922829302028E-5
1651,7.105701661203057E-5
1652,7.947917038109154E-5
1653,1.2383292778395116E-4
1654,1.2028291530441493E-4
1655,6.537138688145205E-5
1656,5.023585617891513E-5
1657,8.344718662556261E-5
1658,9.25186468521133E-5
1659,6.615078746108338E-5
1660,4.6362722059711814E-5
1661,4.360489401733503E-5
1662,6.0173515521455556E-5
1663,1.0875666339416057E-4
1664,1.531772140879184E-4
1665,1.379659224767238E-4
1666,8.589817298343405E-5
1667,6.087045039748773E-5
1668,6.962894258322194E-5
1669,7.850994006730616E-5
1670,6.914644472999498E-5
1671,4.857553358306177E-5
1672,4.174448986304924E-5
1673,5.526351378648542E-5
1674,6.574606231879443E-5
1675,7.141622336348519E-5
1676,8.758633339311928E-5
1677,1.0306487820344046E-4
1678,1.1601488222368062E-4
1679,1.44815378007479E-4
1680,1.6860065807122737E-4
1681,1.5512779646087438E-4
1682,1.2623095244634897E-4
1683,1.121004024753347E-4
1684,1.0060573549708351E-4
1685,7.790372910676524E-5
1686,5.729338954552077E-5
1687,5.365598917705938E-5
1688,6.471859524026513E-5
1689,7.987539720488712E-5
1690,9.617913019610569E-5
1691,1.1423524847486988E-4
1692,1.2303736002650112E-4
1693,1.0886291420320049E-4
1694,7.43959826650098E-5
1695,3.838895645458251E-5
1696,1.8978216758114286E-5
1697,2.2127484044176526E-5
1698,4.6457465941784903E-5
1699,7.88571996963583E-5
1700,9.076470450963825E-5
1701,7.321739394683391E-5
1702,5.0005317461909726E-5
1703,3.604409721447155E-5
1704,3.342374839121476E-5
1705,5.35695071448572E-5
1706,8.739662735024467E-5
1707,1.0166050924453884E-4
1708,9.542758198222145E-5
1709,9.626491373637691E-5
1710,1.0446272790431976E-4
1711,9.882370795821771E-5
1712,7.861328776925802E-5
1713,6.306397699518129E-5
1714,6.076652425690554E-5
1715,6.046459384378977E-5
1716,5.8421115681994706E-5
1717,7.072183507261798E-5
1718,9.514964040135965E-5
1719,9.922122990246862E-5
1720,7.339012518059462E-5
1721,4.653351061278954E-5
1722,3.753478449652903E-5
1723,4.082987652509473E-5
1724,4.720554352388717E-5
1725,4.852985875913873E-5
1726,4.3856467527803034E-5
1727,3.923110125469975E-5
1728,3.644673779490404E-5
1729,4.267162876203656E-5
1730,6.0698796005453914E-5
1731,6.498699804069474E-5
1732,4.531008380581625E-5
1733,3.343183925608173E-5
1734,3.717346044140868E-5
1735,3.486293280730024E-5
1736,4.195969449938275E-5
1737,7.951349834911525E-5
1738,1.1060226825065911E-4
1739,9.334197966381907E-5
1740,5.46782866877038E-5
1741,5.299791519064456E-5
1742,9.065562335308641E-5
1743,1.1300447658868507E-4
1744,8.889822493074462E-5
1745,4.912719668936916E-5
1746,4.9432856030762196E-5
1747,1.0538435162743554E-4
1748,1.583773409947753E-4
1749,1.476268080295995E-4
1750,1.0227444727206603E-4
1751,8.729345427127555E-5
1752,1.0669205221347511E-4
1753,1.2937285646330565E-4
1754,1.390519319102168E-4
1755,1.2688910646829754E-4
1756,9.447905904380605E-5
1757,5.641553070745431E-5
1758,2.804223731800448E-5
1759,2.9417200494208373E-5
1760,6.287199357757345E-5
1761,8.889434684533626E-5
1762,7.894483132986352E-5
1763,6.028557982062921E-5
1764,6.210307765286416E-5
1765,6.991548434598371E-5
1766,7.211578486021608E-5
1767,7.73161300458014E-5
1768,6.955116987228394E-5
1769,4.415646617417224E-5
1770,4.401897240313701E-5
1771,7.204652501968667E-5
1772,7.689915946684778E-5
1773,5.2958697779104114E-5
1774,3.388676486792974E-5
1775,2.9624325179611333E-5
1776,3.8314701669150963E-5
1777,5.5517775763291866E-5
1778,7.044955418678E-5
1779,8.227752550737932E-5
1780,8.427049760939553E-5
1781,6.1012447986286134E-5
1782,3.6654655559686944E-5
1783,5.421044261311181E-5
1784,9.347453305963427E-5
1785,1.0363177716499195E-4
1786,9.98706673271954E-5
1787,1.1822178203146905E-4
1788,1.2920315202791244E-4
1789,1.0365602793172002E-4
1790,7.59409085731022E-5
1791,7.112314779078588E-5
1792,6.787801976315677E-5
1793,5.8589786931406707E-5
1794,7.041914795991033E-5
1795,1.1113868094980717E-4
1796,1.350938982795924E-4
1797,1.054116728482768E-4
1798,6.094296622904949E-5
1799,5.2180923375999555E-5
1800,6.098135418142192E-5
1801,5.785574103356339E-5
1802,6.028364077792503E-5
1803,8.029764285311103E-5
1804,9.504120680503547E-5
1805,8.766275277594104E-5
1806,6.727027357555926E-5
1807,5.3256659157341346E-5
1808,5.516990859177895E-5
1809,7.172612095018849E-5
1810,1.049925122060813E-4
1811,1.4847461716271937E-4
1812,1.6848619270604104E-4
1813,1.3971587759442627E-4
1814,9.43831037147902E-5
1815,8.149952191160992E-5
1816,9.267629502573982E-5
1817,9.785703150555491E-5
1818,1.02386467915494E-4
1819,1.054427120834589E-4
1820,8.749787957640365E-5
1821,5.746308670495637E-5
1822,3.539815224939957E-5
1823,2.8275591830606572E-5
1824,4.843866190640256E-5
1825,8.714627620065585E-5
1826,1.0349375224905089E-4
1827,8.908661402529106E-5
1828,7.560348603874445E-5
1829,7.52559644752182E-5
1830,7.805172208463773E-5
1831,7.444609946105629E-5
1832,5.5948010412976146E-5
1833,3.815327363554388E-5
1834,5.293358117341995E-5
1835,8.543418516637757E-5
1836,9.100262832362205E-5
1837,7.542850653408095E-5
1838,7.254922820720822E-5
1839,7.509090210078284E-5
1840,6.016135375830345E-5
1841,3.5937973734689876E-5
1842,2.3563779905089177E-5
1843,3.19188111461699E-5
1844,5.18573506269604E-5
1845,6.058327198843472E-5
1846,5.59541440452449E-5
1847,6.762904376955703E-5
1848,1.007883547572419E-4
1849,1.1475196515675634E-4
1850,8.757897012401372E-5
1851,4.9305588618153706E-5
1852,3.568802640074864E-5
1853,5.1795934268739074E-5
1854,7.697923865634948E-5
1855,8.453243208350614E-5
1856,7.317473500734195E-5
1857,6.509525701403618E-5
1858,6.169534754008055E-5
1859,5.3183681302471086E-5
1860,5.7487421145197004E-5
1861,8.195226837415248E-5
1862,9.193417645292357E-5
1863,7.006358646322042E-5
1864,4.908391565550119E-5
1865,5.747167961089872E-5
1866,7.817926962161437E-5
1867,8.014206832740456E-5
1868,6.254261825233698E-5
1869,4.606053335010074E-5
1870,4.2616509745130315E-5
1871,6.080176171963103E-5
1872,1.1236544378334656E-4
1873,1.7521250993013382E-4
1874,1.894316083053127E-4
1875,1.4057780208531767E-4
1876,9.087924263440073E-5
1877,8.281062036985531E-5
1878,9.156330634141341E-5
1879,9.171756391879171E-5
1880,8.717676973901689E-5
1881,8.501431148033589E-5
1882,8.412958413828164E-5
1883,7.214226934593171E-5
1884,4.800852184416726E-5
1885,4.2679381294874474E-5
1886,6.900971493450925E-5
1887,9.196065366268158E-5
1888,9.024129394674674E-5
1889,8.515441004419699E-5
1890,9.27322034840472E-5
1891,1.089361248887144E-4
1892,1.3617373770102859E-4
1893,1.6972523008007556E-4
1894,1.727194176055491E-4
1895,1.2195785529911518E-4
1896,6.379754631780088E-5
1897,5.7920595281757414E-5
1898,8.573164086556062E-5
1899,8.956927922554314E-5
1900,6.879179272800684E-5
1901,6.103980558691546E-5
1902,7.009171531535685E-5
1903,7.33540000510402E-5
1904,6.280316301854327E-5
1905,4.652277129935101E-5
1906,3.956386717618443E-5
1907,5.2627045079134405E-5
1908,7.388424273813143E-5
1909,9.018291893880814E-5
1910,1.1447339784353971E-4
1911,1.471001742174849E-4
1912,1.5260970394592732E-4
1913,1.1989506310783327E-4
1914,9.145391959464177E-5
1915,1.0583542461972684E-4
1916,1.5146067016758025E-4
1917,1.8570999964140356E-4
1918,1.8145507783629E-4
1919,1.4583666052203625E-4
1920,9.792659693630412E-5
1921,5.4583942983299494E-5
1922,3.319175448268652E-5
1923,3.517677396303043E-5
1924,4.183594137430191E-5
1925,4.145430284552276E-5
1926,3.956829823437147E-5
1927,4.696808537119068E-5
1928,6.532602856168523E-5
1929,7.754445687169209E-5
1930,6.612086872337386E-5
1931,4.063707456225529E-5
1932,2.58063791989116E-5
1933,2.893930832215119E-5
1934,3.976438529207371E-5
1935,5.5596494348719716E-5
1936,7.847546658013016E-5
1937,9.569514804752544E-5
1938,9.865246101981029E-5
1939,9.690294245956466E-5
1940,8.872040780261159E-5
1941,6.501097232103348E-5
1942,4.260464265826158E-5
1943,4.185644502285868E-5
1944,5.3323907195590436E-5
1945,6.0076770751038566E-5
1946,6.01948777330108E-5
1947,5.274162322166376E-5
1948,3.720297900144942E-5
1949,3.358652975293808E-5
1950,6.0991318605374545E-5
1951,9.248662536265329E-5
1952,8.78611535881646E-5
1953,6.781587580917403E-5
1954,7.903835648903623E-5
1955,1.0046991519629955E-4
1956,8.264477219199762E-5
1957,5.347780097508803E-5
1958,7.287826156243682E-5
1959,1.2184824299765751E-4
1960,1.393391576129943E-4
1961,1.1707725207088515E-4
1962,8.834881737129763E-5
1963,7.171363540692255E-5
1964,5.8371570048620924E-5
1965,3.6130037187831476E-5
1966,1.634334694244899E-5
1967,2.4630009647808038E-5
1968,7.306155748665333E-5
1969,1.4945438306313008E-4
1970,2.089339541271329E-4
1971,2.0550619228743017E-4
1972,1.5911206719465554E-4
1973,1.268166524823755E-4
1974,1.1586229084059596E-4
1975,9.492659592069685E-5
1976,5.590318323811516E-5
1977,3.012096931342967E-5
1978,5.15920328325592E-5
1979,9.51062174863182E-5
1980,1.0416610894026235E-4
1981,8.857429929776117E-5
1982,9.629514534026384E-5
1983,1.2235446774866432E-4
1984,1.363320043310523E-4
1985,1.328972284682095E-4
1986,1.1464305134722963E-4
1987,8.600805449532345E-5
1988,6.027389463270083E-5
1989,4.917002297588624E-5
1990,5.4876378271728754E-5
1991,6.180360651342198E-5
1992,4.956318298354745E-5
1993,2.7611975383479148E-5
1994,2.403732833045069E-5
1995,4.309436917537823E-5
1996,6.344058783724904E-5
1997,6.467023195000365E-5
1998,4.6711298637092113E-5
1999,3.3222255297005177E-5
2000,4.4703676394419745E-5
2001,6.75795236020349E-5
2002,7.221470877993852E-5
2003,5.5293941841227934E-5
2004,3.675471089081839E-5
2005,2.6421863367431797E-5
2006,2.4676039174664766E-5
2007,3.7198959034867585E-5
2008,5.968740151729435E-5
2009,7.516994810430333E-5
2010,8.543313015252352E-5
2011,1.1024133709724993E-4
2012,1.4357795589603484E-4
2013,1.4504372666124254E-4
2014,1.030122657539323E-4
2015,7.018600445007905E-5
2016,8.378289203392342E-5
2017,1.0101139196194708E-4
2018,8.95411430974491E-5
2019,8.332508150488138E-5
2020,9.694741311250255E-5
2021,1.1002006795024499E-4
2022,1.208756075357087E-4
2023,1.2103134940844029E-4
2024,9.106549259740859E-5
2025,4.91818536829669E-5
2026,3.2553023629589006E-5
2027,5.411326856119558E-5
2028,8.716575393918902E-5
2029,8.802128286333755E-5
2030,7.50904728192836E-5
2031,1.1278103193035349E-4
2032,1.6342918388545513E-4
2033,1.3619690435007215E-4
2034,8.659054583404213E-5
2035,1.2226392573211342E-4
2036,1.988520089071244E-4
2037,1.9684777362272143E-4
2038,1.2077687279088423E-4
2039,7.16677968739532E-5
2040,7.354214903898537E-5
2041,7.200848631327972E-5
2042,6.920462328707799E-5
2043,9.13588228286244E-5
2044,1.2007764598820359E-4
2045,1.35119043989107E-4
2046,1.373215636704117E-4
2047,1.1564260785235092E-4
2048,7.103364623617381E-5
2049,4.830232137464918E-5
2050,8.157219417626038E-5
2051,9.076437709154561E-5
2052,7.523092062911019E-5
2053,8.751615678193048E-5
2054,7.843028288334608E-5
2055,6.127134111011401E-5
2056,6.222957017598674E-5
2057,8.566859469283372E-5
2058,8.515480294590816E-5
2059,7.35467838239856E-5
2060,7.982171518960968E-5
2061,8.747135143494233E-5
2062,9.266391134588048E-5
2063,1.0452803689986467E-4
2064,1.264797756448388E-4
2065,1.3108640268910676E-4
2066,1.0187505540670827E-4
2067,5.940566916251555E-5
2068,3.5275974369142205E-5
2069,2.7762127501773648E-5
2070,1.661676105868537E-5
2071,1.0907306204899214E-5
2072,3.2499799999641255E-5
2073,6.802150164730847E-5
2074,8.216649439418688E-5
2075,6.731714529450983E-5
2076,5.1883020205423236E-5
2077,5.767018228652887E-5
2078,7.241547427838668E-5
2079,7.795530837029219E-5
2080,7.544817344751209E-5
2081,7.070170977385715E-5
2082,6.493014370789751E-5
2083,6.232418672880158E-5
2084,6.88619475113228E-5
2085,8.463206177111715E-5
2086,1.0006015509134158E-4
2087,1.0468532855156809E-4
2088,1.0146809654543176E-4
2089,9.918603609548882E-5
2090,9.446957847103477E-5
2091,7.958360947668552E-5
2092,6.083288826630451E-5
2093,5.182232416700572E-5
2094,5.5321499530691653E-5
2095,6.800638948334381E-5
2096,9.15612981771119E-5
2097,1.1775373423006386E-4
2098,1.2188994878670201E-4
2099,9.539056190988049E-5
2100,6.128386303316802E-5
2101,4.412858106661588E-5
2102,5.508492176886648E-5
2103,1.0257212852593511E-4
2104,1.7003969696816057E-4
2105,1.9878032617270947E-4
2106,1.5780972898937762E-4
2107,1.0178917727898806E-4
2108,8.835219341563061E-5
2109,9.15991622605361E-5
2110,7.353540422627702E-5
2111,7.249286136357114E-5
2112,1.3640732504427433E-4
2113,2.2530145361088216E-4
2114,2.604476176202297E-4
2115,2.2831100795883685E-4
2116,1.7202692106366158E-4
2117,1.250348868779838E-4
2118,1.0156617645407096E-4
2119,1.0345032933400944E-4
2120,1.0784619371406734E-4
2121,8.890695607988164E-5
2122,5.234334457782097E-5
2123,2.6992973289452493E-5
2124,3.792847564909607E-5
2125,8.106524910544977E-5
2126,1.1291965347481892E-4
2127,9.654988389229402E-5
2128,5.1157334382878616E-5
2129,2.52692279900657E-5
2130,4.319346771808341E-5
2131,8.567857003072277E-5
2132,1.0840108006959781E-4
2133,9.410575876245275E-5
2134,6.70675581204705E-5
2135,4.530976002570242E-5
2136,3.61516977136489E-5
2137,5.90349045523908E-5
2138,1.033678199746646E-4
2139,1.1863740655826405E-4
2140,9.091499669011682E-5
2141,5.7283621572423726E-5
2142,4.0844846807885915E-5
2143,3.369453770574182E-5
2144,2.5101055143750273E-5
2145,1.8097962311003357E-5
2146,3.1543346267426386E-5
2147,7.550228474428877E-5
2148,1.2281705858185887E-4
2149,1.306317135458812E-4
2150,9.146912634605542E-5
2151,4.65264602098614E-5
2152,4.1954259359044954E-5
2153,8.142401929944754E-5
2154,1.2860470451414585E-4
2155,1.4168981579132378E-4
2156,1.082635935745202E-4
2157,5.9919235354755074E-5
2158,3.4898024750873446E-5
2159,3.637206100393087E-5
2160,5.444605994853191E-5
2161,8.591803634772077E-5
2162,1.1077716771978885E-4
2163,1.0551926970947534E-4
2164,8.001391688594595E-5
2165,6.256657070480287E-5
2166,6.75179180689156E-5
2167,8.482287375954911E-5
2168,9.015735849970952E-5
2169,8.018963853828609E-5
2170,8.140491263475269E-5
2171,1.0534718603594229E-4
2172,1.2662685185205191E-4
2173,1.1774049198720604E-4
2174,8.513632201356813E-5
2175,6.449923239415511E-5
2176,7.921864016680047E-5
2177,1.0824659693753347E-4
2178,1.1609955981839448E-4
2179,1.0367098730057478E-4
2180,9.311269241152331E-5
2181,8.365780377062038E-5
2182,6.562358612427488E-5
2183,5.33330203325022E-5
2184,6.32737428531982E-5
2185,8.108992915367708E-5
2186,8.169503416866064E-5
2187,6.33204253972508E-5
2188,4.4644970330409706E-5
2189,4.169374005869031E-5
2190,4.975641786586493E-5
2191,4.995493873138912E-5
2192,3.956881118938327E-5
2193,3.523545092321001E-5
2194,4.0712948248256E-5
2195,4.2094408854609355E-5
2196,3.6146189813734964E-5
2197,3.471581658232026E-5
2198,4.415169314597733E-5
2199,5.888789382879622E-5
2200,6.780299008823931E-5
2201,6.19643833488226E-5
2202,4.675308446167037E-5
2203,3.895581539836712E-5
2204,4.2199299059575424E-5
2205,4.111085581826046E-5
2206,3.062327959924005E-5
2207,3.590152846300043E-5
2208,8.319807966472581E-5
2209,1.5370777691714466E-4
2210,1.9740161951631308E-4
2211,1.9849734962917864E-4
2212,1.8287269631400704E-4
2213,1.5946623170748353E-4
2214,1.1479776730993763E-4
2215,6.232757732504979E-5
2216,3.6469533370109275E-5
2217,4.054923192597926E-5
2218,4.543329851003364E-5
2219,3.787070818361826E-5
2220,3.684055263875052E-5
2221,5.8756148064276204E-5
2222,8.678957965457812E-5
2223,8.704784704605117E-5
2224,6.8494031438604E-5
2225,8.770403655944392E-5
2226,1.3691038475371897E-4
2227,1.314816327067092E-4
2228,7.905092934379354E-5
2229,7.443992944899946E-5
2230,1.0590695455903187E-4
2231,9.366928861709312E-5
2232,5.590763976215385E-5
2233,5.0584734708536416E-5
2234,6.93180991220288E-5
2235,7.891745917731896E-5
2236,6.883432797621936E-5
2237,4.728581916424446E-5
2238,3.2169788028113544E-5
2239,3.251730595366098E-5
2240,4.4884280214319006E-5
2241,6.630017014686018E-5
2242,9.019922435982153E-5
2243,1.0613567428663373E-4
2244,1.0763821774162352E-4
2245,8.956000965554267E-5
2246,5.925614823354408E-5
2247,3.869401552947238E-5
2248,3.3590637031011283E-5
2249,3.4221866371808574E-5
2250,4.167490260442719E-5
2251,6.446999032050371E-5
2252,1.1116574751213193E-4
2253,1.754177937982604E-4
2254,2.1851285418961197E-4
2255,2.107587642967701E-4
2256,1.7131821368820965E-4
2257,1.3145647244527936E-4
2258,1.0059383930638433E-4
2259,7.942096999613568E-5
2260,6.922579632373527E-5
2261,6.506816862383857E-5
2262,5.747860996052623E-5
2263,5.8971025282517076E-5
2264,1.0259167174808681E-4
2265,1.715488760964945E-4
2266,1.9532871374394745E-4
2267,1.5656127652619034E-4
2268,1.025718156597577E-4
2269,5.951621278654784E-5
2270,3.696329440572299E-5
2271,4.8919024266069755E-5
2272,7.270486821653321E-5
2273,7.789266237523407E-5
2274,7.685666787438095E-5
2275,7.921273208921775E-5
2276,7.130679296096787E-5
2277,5.897229493712075E-5
2278,5.4125299357110634E-5
2279,4.848879325436428E-5
2280,4.311041993787512E-5
2281,5.19088061992079E-5
2282,6.825076707173139E-5
2283,7.384347554761916E-5
2284,6.563881470356137E-5
2285,4.852194615523331E-5
2286,3.184923843946308E-5
2287,3.7112557038199157E-5
2288,6.728807784384117E-5
2289,8.703424828127027E-5
2290,7.715122046647593E-5
2291,6.379326805472374E-5
2292,6.400515121640638E-5
2293,6.826899334555492E-5
2294,7.599791570100933E-5
2295,8.442482067039236E-5
2296,7.817646110197529E-5
2297,6.420315185096115E-5
2298,6.11448340350762E-5
2299,5.96904537815135E-5
2300,4.473238732316531E-5
2301,2.7702182705979794E-5
2302,3.070196180487983E-5
2303,6.125097570475191E-5
2304,1.008420076686889E-4
2305,1.1855905904667452E-4
2306,1.0681749699870124E-4
2307,8.49830248625949E-5
2308,6.794649380026385E-5
2309,5.720748595194891E-5
2310,5.298102041706443E-5
2311,5.51625998923555E-5
2312,6.369195762090385E-5
2313,7.865100633352995E-5
2314,9.096589201362804E-5
2315,9.291432070313022E-5
2316,9.284978295909241E-5
2317,9.196627797791734E-5
2318,7.707443000981584E-5
2319,5.3116222261451185E-5
2320,3.913136606570333E-5
2321,3.76023308490403E-5
2322,3.7611469451803714E-5
2323,3.181460851919837E-5
2324,2.5657243895693682E-5
2325,2.8094567824155092E-5
2326,3.0487381081911735E-5
2327,2.9789500331389718E-5
2328,5.483035420184024E-5
2329,1.1650812666630372E-4
2330,1.7136966926045716E-4
2331,1.756235142238438E-4
2332,1.357382134301588E-4
2333,8.803607488516718E-5
2334,5.872496330994181E-5
2335,5.668477388098836E-5
2336,7.892246503615752E-5
2337,1.0276404645992443E-4
2338,1.0064103844342753E-4
2339,7.421426562359557E-5
2340,4.702553269453347E-5
2341,3.954834392061457E-5
2342,6.359390681609511E-5
2343,1.0397726873634383E-4
2344,1.2436669203452766E-4
2345,1.206761589855887E-4
2346,1.1206815543118864E-4
2347,8.68068091222085E-5
2348,4.730725777335465E-5
2349,5.184123801882379E-5
2350,1.0741557343862951E-4
2351,1.2859045818913728E-4
2352,9.215846512233838E-5
2353,8.137871191138402E-5
2354,1.1904464918188751E-4
2355,1.2691204028669745E-4
2356,7.977595669217408E-5
2357,4.9793943617260084E-5
2358,7.571691821794957E-5
2359,1.0025638766819611E-4
2360,7.793630356900394E-5
2361,4.568980511976406E-5
2362,4.0004179027164355E-5
2363,5.4374326282413676E-5
2364,7.197662489488721E-5
2365,6.767214654246345E-5
2366,5.943127325735986E-5
2367,9.788235183805227E-5
2368,1.3862515334039927E-4
2369,1.1652198008960113E-4
2370,7.402704795822501E-5
2371,6.41150982119143E-5
2372,9.944656630977988E-5
2373,1.4678305888082832E-4
2374,1.5457889821846038E-4
2375,1.6900642367545515E-4
2376,2.140378055628389E-4
2377,7.595509523525834E-4
2378,0.0032554082572460175
2379,0.007498906459659338
2380,0.00937653798609972
2381,0.00614912761375308
2382,0.0018713752506300807
2383,0.0018305678386241198
2384,0.005036613903939724
2385,0.007042970973998308
2386,0.0061303963884711266
2387,0.003607283579185605
2388,0.001317555783316493
2389,3.096478758379817E-4
2390,3.608308907132596E-4
2391,5.12703147251159E-4
2392,2.8667968581430614E-4
2393,1.1395403271308169E-4
2394,7.446630042977631E-4
2395,0.002316238358616829
2396,0.003754324745386839
2397,0.003614468267187476
2398,0.0020323439966887236
2399,6.344462744891644E-4
2400,1.3683963334187865E-4
2401,1.5317248471546918E-4
2402,9.140273323282599E-4
2403,0.0022460666950792074
2404,0.0024720600340515375
2405,0.0012091794051229954
2406,5.670419777743518E-4
2407,0.0014696329599246383
2408,0.002138674259185791
2409,0.0014990210765972733
2410,6.77763600833714E-4
2411,4.879999323748052E-4
2412,4.2696253512986004E-4
2413,2.2427772637456656E-4
2414,1.0953885066555813E-4
2415,7.531384471803904E-5
2416,1.8993702542502433E-4
2417,6.527543882839382E-4
2418,0.0011294408468529582
2419,0.0010691919596865773
2420,5.44465787243098E-4
2421,1.3870690600015223E-4
2422,2.5247546727769077E-4
2423,6.974607240408659E-4
2424,9.286449640057981E-4
2425,7.021971978247166E-4
2426,3.092522092629224E-4
2427,1.519419893156737E-4
2428,3.2334477873519063E-4
2429,5.728199030272663E-4
2430,5.99913764744997E-4
2431,4.019291664008051E-4
2432,2.3109473113436252E-4
2433,1.9033340504392982E-4
2434,1.5701692609582096E-4
2435,1.8643676594365388E-4
2436,4.907294642180204E-4
2437,9.559717145748436E-4
2438,0.0013647591695189476
2439,0.001852148794569075
2440,0.002391515066847205
2441,0.002526597585529089
2442,0.0021806659642606974
2443,0.0017741865012794733
2444,0.0013954432215541601
2445,8.438535151071846E-4
2446,3.665461845230311E-4
2447,4.305982147343457E-4
2448,7.923003868199885E-4
2449,7.463302463293076E-4
2450,4.562208487186581E-4
2451,7.075775065459311E-4
2452,0.001257908414117992
2453,0.0012493529357016087
2454,7.847692468203604E-4
2455,3.7556092138402164E-4
2456,5.454805796034634E-4
2457,0.0027644173242151737
2458,0.0074080852791666985
2459,0.011197316460311413
2460,0.01080602128058672
2461,0.007396947592496872
2462,0.004240082576870918
2463,0.0026858418714255095
2464,0.002337673446163535
2465,0.00215575541369617
2466,0.0012571158586069942
2467,3.5237378324382007E-4
2468,6.655298639088869E-4
2469,0.0014587058685719967
2470,0.0013191282050684094
2471,5.44228998478502E-4
2472,1.4838601055089384E-4
2473,3.8390301051549613E-4
2474,8.293342543765903E-4
2475,7.789772353135049E-4
2476,4.4732034439221025E-4
2477,0.0012683682143688202
2478,0.0034286188893020153
2479,0.005134646315127611
2480,0.005274317692965269
2481,0.004226805176585913
2482,0.002519699279218912
2483,8.880603709258139E-4
2484,2.4080729053821415E-4
2485,4.647103778552264E-4
2486,6.991259870119393E-4
2487,6.414010422304273E-4
2488,4.969524452462792E-4
2489,3.556639712769538E-4
2490,2.474247885402292E-4
2491,2.0247230713721365E-4
2492,1.2633534788619727E-4
2493,8.808729762677103E-5
2494,4.931510775350034E-4
2495,0.0014076140942052007
2496,0.0020889544393867254
2497,0.0018454216187819839
2498,9.793160716071725E-4
2499,3.014571557287127E-4
2500,1.1069750325987116E-4
2501,1.3368850341066718E-4
2502,1.400106557412073E-4
2503,1.6831122047733516E-4
2504,2.4781905813142657E-4
2505,2.609890652820468E-4
2506,1.6539391072001308E-4
2507,8.505744335707277E-5
2508,9.736517677083611E-5
2509,1.5820613771211356E-4
2510,2.121614816132933E-4
2511,2.0857129129581153E-4
2512,1.5608419198542833E-4
2513,1.8058472778648138E-4
2514,3.1708975438959897E-4
2515,3.9425495197065175E-4
2516,3.085353528149426E-4
2517,1.7564775771461427E-4
2518,1.1744433140847832E-4
2519,1.2388054165057838E-4
2520,1.454089069738984E-4
2521,1.5766036813147366E-4
2522,1.4248822117224336E-4
2523,1.0606746218400076E-4
2524,8.366347174160182E-5
2525,7.61879127821885E-5
2526,6.358032987918705E-5
2527,7.655471563339233E-5
2528,1.2846747995354235E-4
2529,1.5085120685398579E-4
2530,1.1267616355326027E-4
2531,7.074973109411076E-5
2532,6.54802643111907E-5
2533,1.0127619316335768E-4
2534,1.6760900325607508E-4
2535,2.0631485676858574E-4
2536,1.6828751540742815E-4
2537,9.235557081410661E-5
2538,4.354041811893694E-5
2539,3.516553988447413E-5
2540,4.7661793360020965E-5
2541,7.804529013810679E-5
2542,1.4603494491893798E-4
2543,2.43379661696963E-4
2544,3.2761963666416705E-4
2545,3.6892647040076554E-4
2546,3.4150315332226455E-4
2547,2.490130427759141E-4
2548,1.5982978220563382E-4
2549,1.0814841516548768E-4
2550,1.0278611443936825E-4
2551,2.188851940445602E-4
2552,4.122718528378755E-4
2553,4.5673767453990877E-4
2554,2.9847529367543757E-4
2555,1.319843577221036E-4
2556,7.385608478216454E-5
2557,8.788159902906045E-5
2558,1.329732476733625E-4
2559,1.741037267493084E-4
2560,1.7395586473867297E-4
2561,1.759177102940157E-4
2562,2.793324238155037E-4
2563,4.555156046990305E-4
2564,5.274802679196E-4
2565,4.1768397204577923E-4
2566,2.4468349874950945E-4
2567,1.2973306002095342E-4
2568,8.563380833948031E-5
2569,8.171732042683288E-5
2570,8.663556218380108E-5
2571,8.50525320856832E-5
2572,9.647707338444889E-5
2573,1.3926008250564337E-4
2574,1.8865209131035954E-4
2575,2.0107087038923055E-4
2576,1.6719280392862856E-4
2577,1.2001462164334953E-4
2578,9.044422768056393E-5
2579,7.669856131542474E-5
2580,5.832337410538457E-5
2581,4.003942012786865E-5
2582,8.020610403036699E-5
2583,1.9385034102015197E-4
2584,2.55026068771258E-4
2585,1.7713679699227214E-4
2586,8.286003867397085E-5
2587,7.91943384683691E-5
2588,8.758939657127485E-5
2589,6.545988435391337E-5
2590,9.906815830618143E-5
2591,1.9210156460758299E-4
2592,2.31465048273094E-4
2593,1.746856578392908E-4
2594,1.0208589810645208E-4
2595,8.745900413487107E-5
2596,8.500704279867932E-5
2597,6.214794848347083E-5
2598,2.9853955493308604E-4
2599,0.0011416914639994502
2600,0.002156726084649563
2601,0.0022487142123281956
2602,0.0012423162115737796
2603,3.7668447475880384E-4
2604,5.080450791865587E-4
2605,9.944465709850192E-4
2606,9.950431995093822E-4
2607,6.159519543871284E-4
2608,3.125246148556471E-4
2609,1.871692802524194E-4
2610,1.3034553558100015E-4
2611,8.415918273385614E-5
2612,9.830540511757135E-5
2613,3.2781579648144543E-4
2614,8.937865495681763E-4
2615,0.0015476635890081525
2616,0.001684382907114923
2617,0.0011189241195097566
2618,4.4555828208103776E-4
2619,1.49586790939793E-4
2620,1.1307499516988173E-4
2621,2.179085131501779E-4
2622,4.3849111534655094E-4
2623,5.138001288287342E-4
2624,3.4132544533349574E-4
2625,1.7098241369239986E-4
2626,1.0767517960630357E-4
2627,6.080332968849689E-5
2628,4.579160668072291E-5
2629,8.971396164270118E-5
2630,1.300887524848804E-4
2631,1.3584410771727562E-4
2632,1.1913298658328131E-4
2633,9.442108421353623E-5
2634,8.303298091050237E-5
2635,8.34647289593704E-5
2636,7.991214079083875E-5
2637,8.009451994439587E-5
2638,1.1066412116633728E-4
2639,2.1548493532463908E-4
2640,3.9157166611403227E-4
2641,5.091603961773217E-4
2642,4.559829249046743E-4
2643,3.14039847580716E-4
2644,2.210623788414523E-4
2645,1.7918537196237594E-4
2646,1.3372712419368327E-4
2647,8.594259270466864E-5
2648,5.070934275863692E-5
2649,2.8525460948003456E-5
2650,2.5754288799362257E-5
2651,3.4178021451225504E-5
2652,3.691135862027295E-5
2653,3.943193587474525E-5
2654,4.249601988703944E-5
2655,3.572501736925915E-5
2656,4.531753438641317E-5
2657,1.0695886157918721E-4
2658,1.845541555667296E-4
2659,1.9944152154494077E-4
2660,1.459494378650561E-4
2661,1.0336346895201132E-4
2662,1.2698335922323167E-4
2663,2.0182743901386857E-4
2664,3.0869885813444853E-4
2665,4.510592552833259E-4
2666,5.923978751525283E-4
2667,6.35373464319855E-4
2668,5.156265688128769E-4
2669,3.0641574994660914E-4
2670,1.724383473629132E-4
2671,1.790339156286791E-4
2672,2.134955138899386E-4
2673,1.5926899504847825E-4
2674,5.8440869906917214E-5
2675,2.2783942768000998E-5
2676,6.426678010029718E-5
2677,9.578626486472785E-5
2678,7.038321200525388E-5
2679,3.926066347048618E-5
2680,4.790910315932706E-5
2681,6.727770232828334E-5
2682,6.873043457744643E-5
2683,6.214923632796854E-5
2684,5.288532702252269E-5
2685,5.1264589274069294E-5
2686,7.588938751723617E-5
2687,1.0465524246683344E-4
2688,1.0079229105031118E-4
2689,7.408843521261588E-5
2690,5.571776637225412E-5
2691,5.904720092075877E-5
2692,7.819301390554756E-5
2693,8.570015779696405E-5
2694,6.534603016916662E-5
2695,5.146365219843574E-5
2696,8.13657243270427E-5
2697,1.3588689034804702E-4
2698,1.6847833467181772E-4
2699,1.5549015370197594E-4
2700,1.0541024676058441E-4
2701,5.5152777349576354E-5
2702,4.864539732807316E-5
2703,8.425650594290346E-5
2704,1.0474830196471885E-4
2705,7.671568891964853E-5
2706,4.1752500692382455E-5
2707,4.65413904748857E-5
2708,7.639406248927116E-5
2709,9.260748629458249E-5
2710,8.08998811407946E-5
2711,5.627398786600679E-5
2712,6.085984205128625E-5
2713,1.4114814985077828E-4
2714,2.993706439156085E-4
2715,4.542036331258714E-4
2716,4.670724447350949E-4
2717,3.01655032671988E-4
2718,1.39796786243096E-4
2719,1.6200573008973151E-4
2720,2.7397630037739873E-4
2721,2.7881318237632513E-4
2722,1.8337523215450346E-4
2723,1.1218467989237979E-4
2724,1.0805278725456446E-4
2725,1.6065059753600508E-4
2726,2.42199472268112E-4
2727,2.7960457373410463E-4
2728,2.2753285884391516E-4
2729,1.344835909549147E-4
2730,8.026709110708907E-5
2731,9.741445683175698E-5
2732,1.558027433929965E-4
2733,1.9068087567575276E-4
2734,1.6104101086966693E-4
2735,9.935304115060717E-5
2736,7.466620445484295E-5
2737,9.799264080356807E-5
2738,1.2244957906659693E-4
2739,1.2708039139397442E-4
2740,1.2047054769936949E-4
2741,9.780318941920996E-5
2742,6.970278627704829E-5
2743,7.692837243666872E-5
2744,1.1986070603597909E-4
2745,1.3910874258726835E-4
2746,1.1139130219817162E-4
2747,8.874178456608206E-5
2748,9.832115028984845E-5
2749,1.1005971464328468E-4
2750,1.4002530951984227E-4
2751,2.2468161478172988E-4
2752,2.846153802238405E-4
2753,2.2127821284811944E-4
2754,1.1193966929567978E-4
2755,9.77164672804065E-5
2756,1.5821710985619575E-4
2757,1.7525839211884886E-4
2758,1.2360047549009323E-4
2759,6.60968798911199E-5
2760,4.0173592424253E-5
2761,3.3618242014199495E-5
2762,2.656682590895798E-5
2763,2.4652670617797412E-5
2764,6.242136441869661E-5
2765,1.4766301319468766E-4
2766,2.0635282271541655E-4
2767,1.6052823048084974E-4
2768,5.9507801779545844E-5
2769,2.949410190922208E-5
2770,9.00916347745806E-5
2771,1.379737805109471E-4
2772,1.1729628022294492E-4
2773,7.470437412848696E-5
2774,5.0455779273761436E-5
2775,5.142435838934034E-5
2776,8.191866800189018E-5
2777,1.0959776409436017E-4
2778,1.180521649075672E-4
2779,1.6392572433687747E-4
2780,2.4013534130062908E-4
2781,2.48337397351861E-4
2782,1.770601375028491E-4
2783,9.973889245884493E-5
2784,5.369097561924718E-5
2785,5.150309152668342E-5
2786,8.832036110106856E-5
2787,1.1701968469424173E-4
2788,1.0498319898033515E-4
2789,8.76620106282644E-5
2790,1.257685653399676E-4
2791,2.1022601868025959E-4
2792,2.6025937404483557E-4
2793,2.4128204677253962E-4
2794,1.9565071852412075E-4
2795,1.6140943625941873E-4
2796,1.4505130820907652E-4
2797,1.5007980982773006E-4
2798,2.1003674191888422E-4
2799,3.402757574804127E-4
2800,4.509019199758768E-4
2801,4.8169749788939953E-4
2802,5.035529611632228E-4
2803,4.8701296327635646E-4
2804,3.361064591445029E-4
2805,2.1119580196682364E-4
2806,2.856432111002505E-4
2807,3.656928311102092E-4
2808,2.477121015544981E-4
2809,9.508451330475509E-5
2810,1.531337620690465E-4
2811,4.2109505739063025E-4
2812,6.918141152709723E-4
2813,7.380730821751058E-4
2814,5.151898949407041E-4
2815,2.2214422642719E-4
2816,7.462968642357737E-5
2817,6.791210034862161E-5
2818,7.658186950720847E-5
2819,8.338785846717656E-5
2820,1.3718129775952548E-4
2821,2.005192218348384E-4
2822,2.3768586106598377E-4
2823,3.4022494219243526E-4
2824,5.872867768630385E-4
2825,8.869030862115324E-4
2826,0.0010802415199577808
2827,0.0010811712127178907
2828,8.586695184931159E-4
2829,4.8698383034206927E-4
2830,2.1978825679980218E-4
2831,2.3355428129434586E-4
2832,3.569152613636106E-4
2833,3.443641180638224E-4
2834,2.4210674746427685E-4
2835,2.0561252313200384E-4
2836,2.0557285461109132E-4
2837,1.5426705067511648E-4
2838,8.683119085617363E-5
2839,6.431361543945968E-5
2840,8.448363951174542E-5
2841,1.4022948744241148E-4
2842,2.1692858717869967E-4
2843,2.518306137062609E-4
2844,2.1476826805155724E-4
2845,1.6889011021703482E-4
2846,1.6946122923400253E-4
2847,1.9048411922995E-4
2848,1.9683600112330168E-4
2849,1.9111143774352968E-4
2850,1.7240704619325697E-4
2851,1.3080667122267187E-4
2852,8.078767859842628E-5
2853,4.8917598178377375E-5
2854,4.264507879270241E-5
2855,5.792093725176528E-5
2856,9.225711255567148E-5
2857,1.30016531329602E-4
2858,1.475044700782746E-4
2859,1.4744476357009262E-4
2860,1.474211603635922E-4
2861,1.3704279263038188E-4
2862,1.0050228593172505E-4
2863,6.110397225711495E-5
2864,4.82413888676092E-5
2865,5.1584567700047046E-5
2866,4.7499415813945234E-5
2867,3.6852772609563544E-5
2868,3.485945126158185E-5
2869,4.6280649257823825E-5
2870,6.473332905443385E-5
2871,9.007858898257837E-5
2872,1.2368000170681626E-4
2873,1.4777023170609027E-4
2874,1.4505551371257752E-4
2875,1.2043082097079605E-4
2876,8.33407902973704E-5
2877,6.362408748827875E-5
2878,1.1109583283541724E-4
2879,2.0214117830619216E-4
2880,2.3744438658468425E-4
2881,1.8134451238438487E-4
2882,9.970682003768161E-5
2883,6.858953565824777E-5
2884,1.0599353845464066E-4
2885,1.5571500989608467E-4
2886,1.4374415331985801E-4
2887,7.702846050960943E-5
2888,4.1386538214283064E-5
2889,8.970238559413701E-5
2890,1.7329835100099444E-4
2891,2.0083539129700512E-4
2892,1.4551971980836242E-4
2893,6.966525688767433E-5
2894,5.421470268629491E-5
2895,1.1427616846049204E-4
2896,1.7438844952266663E-4
2897,1.5826770686544478E-4
2898,9.545731882099062E-5
2899,6.284692062763497E-5
2900,6.421768193831667E-5
2901,5.7853532780427486E-5
2902,3.786247907555662E-5
2903,3.31350602209568E-5
2904,6.929176743142307E-5
2905,1.230833149747923E-4
2906,1.2814858928322792E-4
2907,7.632451161043718E-5
2908,3.673656101454981E-5
2909,3.617239781306125E-5
2910,4.035387610201724E-5
2911,4.9782243877416477E-5
2912,9.067761129699647E-5
2913,1.420213666278869E-4
2914,1.5698772040195763E-4
2915,1.2329827586654574E-4
2916,6.73632457619533E-5
2917,2.8552314688568003E-5
2918,3.174595985910855E-5
2919,5.841423262609169E-5
2920,6.340523395920172E-5
2921,4.2121868318645284E-5
2922,4.095878102816641E-5
2923,8.374223398277536E-5
2924,1.296627160627395E-4
2925,1.2216565664857626E-4
2926,6.966810906305909E-5
2927,4.1228373447665945E-5
2928,5.8442168665351346E-5
2929,7.198954699561E-5
2930,6.626346294069663E-5
2931,7.076950714690611E-5
2932,8.438885561190546E-5
2933,9.06611603568308E-5
2934,9.04000480659306E-5
2935,7.819324673619121E-5
2936,6.303436384769157E-5
2937,8.296428859466687E-5
2938,1.331561797996983E-4
2939,1.5508770593442023E-4
2940,1.29072112031281E-4
2941,8.92592579475604E-5
2942,5.930348197580315E-5
2943,4.58967660961207E-5
2944,4.973587056156248E-5
2945,5.272910857456736E-5
2946,5.188147770240903E-5
2947,7.381530303973705E-5
2948,1.1012003960786387E-4
2949,1.1895992793142796E-4
2950,1.0000553447753191E-4
2951,8.052869816310704E-5
2952,6.36061595287174E-5
2953,4.85475902678445E-5
2954,4.468391489353962E-5
2955,4.651336348615587E-5
2956,4.1427480027778074E-5
2957,3.2511645258637145E-5
2958,3.193623342667706E-5
2959,4.4149062887299806E-5
2960,5.8199959312332794E-5
2961,6.0635262343566865E-5
2962,6.179089541547E-5
2963,8.731683192308992E-5
2964,1.3722528819926083E-4
2965,1.7760864284355193E-4
2966,1.7393071902915835E-4
2967,1.2407761823851615E-4
2968,6.767225568182766E-5
2969,5.1314724260009825E-5
2970,7.389539678115398E-5
2971,9.623866935726255E-5
2972,1.0071942233480513E-4
2973,9.5391646027565E-5
2974,8.055672515183687E-5
2975,5.769753624917939E-5
2976,4.473301305552013E-5
2977,5.437800064100884E-5
2978,7.75103981141001E-5
2979,9.166944801108912E-5
2980,7.73298743297346E-5
2981,4.235784581396729E-5
2982,2.5946761525119655E-5
2983,5.142601003171876E-5
2984,9.377270907862112E-5
2985,1.1466852447483689E-4
2986,1.0374627163400874E-4
2987,7.69414909882471E-5
2988,5.248601519269869E-5
2989,4.348533911979757E-5
2990,6.662550731562078E-5
2991,1.1338777403580025E-4
2992,1.3096189650241286E-4
2993,9.616649913368747E-5
2994,5.531157512450591E-5
2995,4.4682547013508156E-5
2996,5.096671520732343E-5
2997,5.582813173532486E-5
2998,5.346451507648453E-5
2999,4.8640187742421404E-5
3000,5.951459752395749E-5
3001,8.985425665741786E-5
3002,1.1438017099862918E-4
3003,1.1801626533269882E-4
3004,1.2148680252721533E-4
3005,1.5219757915474474E-4
3006,2.060980477835983E-4
3007,2.4021764693316072E-4
3008,2.1132903930265456E-4
3009,1.3284152373671532E-4
3010,6.263612885959446E-5
3011,3.234838368371129E-5
3012,3.544653009157628E-5
3013,6.018117710482329E-5
3014,8.486357546644285E-5
3015,8.278425957541913E-5
3016,6.153840513434261E-5
3017,5.907305967411958E-5
3018,9.298870281782001E-5
3019,1.374724815832451E-4
3020,1.5725156117696315E-4
3021,1.484725362388417E-4
3022,1.2533500557765365E-4
3023,9.090365347219631E-5
3024,5.4066505981609225E-5
3025,4.025945236207917E-5
3026,5.4008825827622786E-5
3027,6.672822200926021E-5
3028,6.139386823633686E-5
3029,5.3973388276062906E-5
3030,5.666353172273375E-5
3031,6.0759339248761535E-5
3032,6.723943079123273E-5
3033,8.537328540114686E-5
3034,1.0472940630279481E-4
3035,1.1444684059824795E-4
3036,1.241634599864483E-4
3037,1.3712799409404397E-4
3038,1.3236601080279797E-4
3039,9.59641911322251E-5
3040,5.769086419604719E-5
3041,5.1392118621151894E-5
3042,5.644115663017146E-5
3043,5.5620101193198934E-5
3044,8.135240932460874E-5
3045,1.2538721784949303E-4
3046,1.2691014853771776E-4
3047,8.317123865708709E-5
3048,4.4625419832300395E-5
3049,3.011174158018548E-5
3050,3.094308704021387E-5
3051,4.612444536178373E-5
3052,7.626678416272625E-5
3053,1.074264946510084E-4
3054,1.154824931290932E-4
3055,9.47660009842366E-5
3056,6.692398164886981E-5
3057,5.073137435829267E-5
3058,4.540936424746178E-5
3059,4.324995097704232E-5
3060,4.5789995056111366E-5
3061,7.0427697210107E-5
3062,1.2558139860630035E-4
3063,1.7661369929555804E-4
3064,1.7523013229947537E-4
3065,1.25631588161923E-4
3066,7.846976950531825E-5
3067,6.202718213899061E-5
3068,5.815663462271914E-5
3069,4.31633488915395E-5
3070,2.3438891730620526E-5
3071,2.024340210482478E-5
3072,3.3394204365322366E-5
3073,4.671654824051075E-5
3074,6.365342414937913E-5
3075,9.92073692032136E-5
3076,1.3793502876069397E-4
3077,1.4131530770100653E-4
3078,1.0242777352686971E-4
3079,5.7276243751402944E-5
3080,3.690785160870291E-5
3081,4.128401997149922E-5
3082,5.71311975363642E-5
3083,7.318656571442261E-5
3084,8.198298746719956E-5
3085,7.634536450495943E-5
3086,5.310180131345987E-5
3087,2.799451794999186E-5
3088,2.180981755373068E-5
3089,3.210551949450746E-5
3090,4.579149390337989E-5
3091,5.769011841039173E-5
3092,6.451165245380253E-5
3093,6.544852658407763E-5
3094,6.26405089860782E-5
3095,5.573749513132498E-5
3096,4.8597292334306985E-5
3097,4.80581984447781E-5
3098,5.1913983043050393E-5
3099,5.2715731726493686E-5
3100,4.830010948353447E-5
3101,4.8144716856768355E-5
3102,6.789636245230213E-5
3103,1.0086208203574643E-4
3104,1.1496691149659455E-4
3105,9.700152440927923E-5
3106,6.60491205053404E-5
3107,4.28460662078578E-5
3108,4.121804886381142E-5
3109,6.811485945945606E-5
3110,1.0453614959260449E-4
3111,1.1322157661197707E-4
3112,8.259932656073943E-5
3113,4.29624633397907E-5
3114,2.6978619644069113E-5
3115,3.383037619641982E-5
3116,4.606956281349994E-5
3117,5.6162716646213084E-5
3118,5.912037886446342E-5
3119,4.585597343975678E-5
3120,2.3759188479743898E-5
3121,2.2152536985231563E-5
3122,5.401730595622212E-5
3123,8.806848927633837E-5
3124,8.797285408945754E-5
3125,6.520821625599638E-5
3126,5.570808571064845E-5
3127,6.089653106755577E-5
3128,5.4582316806772724E-5
3129,3.3416072255931795E-5
3130,2.322515683772508E-5
3131,3.6955458199372515E-5
3132,5.255502765066922E-5
3133,4.7215198719641194E-5
3134,3.2020139769883826E-5
3135,3.258271681261249E-5
3136,5.552421134780161E-5
3137,8.787296974333003E-5
3138,1.1553594231372699E-4
3139,1.313746761297807E-4
3140,1.3013207353651524E-4
3141,1.123229376389645E-4
3142,9.131959814112633E-5
3143,7.859624020056799E-5
3144,6.931375537533313E-5
3145,5.277870150166564E-5
3146,3.111417390755378E-5
3147,2.546808718761895E-5
3148,4.8937235987978056E-5
3149,7.457423635059968E-5
3150,7.282670412678272E-5
3151,6.798547838116065E-5
3152,9.797400707611814E-5
3153,1.459275808883831E-4
3154,1.6923726070672274E-4
3155,1.6294862143695354E-4
3156,1.5116707072593272E-4
3157,1.4438960351981223E-4
3158,1.373334671370685E-4
3159,1.3017054880037904E-4
3160,1.2422863801475614E-4
3161,1.0848195233847946E-4
3162,7.767145871184766E-5
3163,5.2148025133647025E-5
3164,4.8433950723847374E-5
3165,5.0037615437759086E-5
3166,4.0276623622048646E-5
3167,2.6648782295524143E-5
3168,1.6285935998894274E-5
3169,1.959202745638322E-5
3170,5.8094319683732465E-5
3171,1.1759122571675107E-4
3172,1.43388650030829E-4
3173,1.1553218791959807E-4
3174,7.206199370557442E-5
3175,4.597818406182341E-5
3176,3.524092608131468E-5
3177,3.5878470953321084E-5
3178,5.451750985230319E-5
3179,8.749439439270645E-5
3180,1.1908180022146553E-4
3181,1.3781512097921222E-4
3182,1.37153358082287E-4
3183,1.1407009151298553E-4
3184,8.261855691671371E-5
3185,6.452244997490197E-5
3186,6.210742139955983E-5
3187,6.206551915965974E-5
3188,5.149205753696151E-5
3189,3.370404738234356E-5
3190,3.871669468935579E-5
3191,7.447647658409551E-5
3192,9.121988114202395E-5
3193,6.358037353493273E-5
3194,3.961383845307864E-5
3195,4.913018346996978E-5
3196,6.495676643680781E-5
3197,7.698075933149084E-5
3198,9.82793208095245E-5
3199,1.1540593550307676E-4
3200,1.135098937083967E-4
3201,1.0621449473546818E-4
3202,9.809886978473514E-5
3203,7.670883496757597E-5
3204,5.163890455150977E-5
3205,4.1683790186652914E-5
3206,3.990619370597415E-5
3207,3.705947528942488E-5
3208,3.9074460801202804E-5
3209,4.056225225212984E-5
3210,3.540747275110334E-5
3211,4.5014836359769106E-5
3212,8.465516293654218E-5
3213,1.3217343075666577E-4
3214,1.568647421663627E-4
3215,1.429729745723307E-4
3216,9.869803761830553E-5
3217,6.725684943376109E-5
3218,7.901585922809318E-5
3219,9.788283205125481E-5
3220,8.161349251167849E-5
3221,5.961403439869173E-5
3222,9.12766408873722E-5
3223,1.8063299648929387E-4
3224,2.633063413668424E-4
3225,2.713727590162307E-4
3226,2.0615366520360112E-4
3227,1.333264954155311E-4
3228,1.0622088302625343E-4
3229,1.1624017497524619E-4
3230,1.2357294326648116E-4
3231,1.101439047488384E-4
3232,8.431978494627401E-5
3233,6.016704719513655E-5
3234,4.7124980483204126E-5
3235,4.0786155295791104E-5
3236,3.4301621781196445E-5
3237,3.933958578272723E-5
3238,6.121758633526042E-5
3239,7.461915811290964E-5
3240,6.065985871828161E-5
3241,3.9232236304087564E-5
3242,4.290985089028254E-5
3243,7.262653525685892E-5
3244,8.949063339969143E-5
3245,6.775672954972833E-5
3246,4.1113751649390906E-5
3247,5.67908282391727E-5
3248,1.1403774988139048E-4
3249,1.7131595814134926E-4
3250,1.7648134962655604E-4
3251,1.1962855933234096E-4
3252,7.045378879411146E-5
3253,8.442785474471748E-5
3254,1.1432561586843804E-4
3255,1.0304071474820375E-4
3256,7.16384092811495E-5
3257,6.183595542097464E-5
3258,8.058934326982126E-5
3259,1.0142667451873422E-4
3260,8.89377188286744E-5
3261,5.3368101362138987E-5
3262,4.4121617975179106E-5
3263,6.950689567020163E-5
3264,9.195986785925925E-5
3265,9.39795354497619E-5
3266,9.012897498905659E-5
3267,8.804845856502652E-5
3268,7.804389315424487E-5
3269,6.515239510918036E-5
3270,7.037766044959426E-5
3271,8.569453348172829E-5
3272,7.998287765076384E-5
3273,6.025531911291182E-5
3274,7.5531643233262E-5
3275,1.402700727339834E-4
3276,1.8750927119981498E-4
3277,1.4978843682911247E-4
3278,6.739227683283389E-5
3279,3.116210791631602E-5
3280,4.9877588025992736E-5
3281,7.389565143967047E-5
3282,8.81428350112401E-5
3283,9.550056711304933E-5
3284,8.755805174587294E-5
3285,7.657841342734173E-5
3286,8.090624760370702E-5
3287,8.46771799842827E-5
3288,7.371391984634101E-5
3289,6.901305459905416E-5
3290,7.887727406341583E-5
3291,8.121005521388724E-5
3292,8.322563371621072E-5
3293,1.153530174633488E-4
3294,1.5046738553792238E-4
3295,1.2957295984961092E-4
3296,6.727109575876966E-5
3297,3.4651337045943365E-5
3298,5.166867049410939E-5
3299,7.262208237079903E-5
3300,6.659831706201658E-5
3301,4.9859001592267305E-5
3302,3.5550270695239305E-5
3303,2.118779048032593E-5
3304,2.984694037877489E-5
3305,7.842743070796132E-5
3306,1.220711856149137E-4
3307,1.1445880227256566E-4
3308,8.171403896994889E-5
3309,7.391070539597422E-5
3310,9.399339614901692E-5
3311,1.1432063183747232E-4
3312,1.2552851694636047E-4
3313,1.3770612713415176E-4
3314,1.465592795284465E-4
3315,1.335705746896565E-4
3316,1.0375570855103433E-4
3317,8.57626655488275E-5
3318,8.994208474177867E-5
3319,9.589775436324999E-5
3320,8.490778418490663E-5
3321,6.802832649555057E-5
3322,6.529104575747624E-5
3323,7.162812107708305E-5
3324,7.380870374618098E-5
3325,7.029526022961363E-5
3326,5.869179221917875E-5
3327,5.3246090828906745E-5
3328,8.680410246597603E-5
3329,1.4649552758783102E-4
3330,1.758970320224762E-4
3331,1.6167224384844303E-4
3332,1.353794796159491E-4
3333,1.0773606481961906E-4
3334,7.592516340082511E-5
3335,5.5133874411694705E-5
3336,5.1935909141320735E-5
3337,5.5148859246401116E-5
3338,7.084839307935908E-5
3339,1.0250343621009961E-4
3340,1.1086039012297988E-4
3341,7.691319478908554E-5
3342,5.459108069771901E-5
3343,7.572346657980233E-5
3344,9.556681470712647E-5
3345,9.525768837193027E-5
3346,1.1320642079226673E-4
3347,1.4562996511813253E-4
3348,1.4364345406647772E-4
3349,1.0651235788827762E-4
3350,7.268903573276475E-5
3351,5.277993841446005E-5
3352,4.349068331066519E-5
3353,4.8283953219652176E-5
3354,5.648699516314082E-5
3355,5.785747998743318E-5
3356,5.449062155093998E-5
3357,4.552750033326447E-5
3358,5.211482857703231E-5
3359,1.0532451415201649E-4
3360,1.6633440100122243E-4
3361,1.6210685134865344E-4
3362,1.1151340731885284E-4
3363,9.687255806056783E-5
3364,1.2840853014495224E-4
3365,1.417405583197251E-4
3366,1.0542734526097775E-4
3367,5.8505702327238396E-5
3368,5.2036732085980475E-5
3369,9.114579734159634E-5
3370,1.3767533528152853E-4
3371,1.5494348190259188E-4
3372,1.4463969273492694E-4
3373,1.369474339298904E-4
3374,1.406063383910805E-4
3375,1.3114509056322277E-4
3376,1.068317869794555E-4
3377,1.0164676496060565E-4
3378,1.2014514504699036E-4
3379,1.3298988051246852E-4
3380,1.4453798939939588E-4
3381,1.7915510397870094E-4
3382,2.137991541530937E-4
3383,2.0307554223109037E-4
3384,1.4861681847833097E-4
3385,9.339071402791888E-5
3386,6.678361387457699E-5
3387,6.551626574946567E-5
3388,7.541636296082288E-5
3389,7.96229942352511E-5
3390,6.431171641452238E-5
3391,4.620867912308313E-5
3392,5.333672379492782E-5
3393,7.361084863077849E-5
3394,8.403600077144802E-5
3395,9.912792302202433E-5
3396,1.2294837506487966E-4
3397,1.1455996718723327E-4
3398,6.444630707846954E-5
3399,3.094029671046883E-5
3400,4.8924641305347905E-5
3401,7.76460365159437E-5
3402,7.492064469261095E-5
3403,5.3648880566470325E-5
3404,4.632298805518076E-5
3405,6.567872333107516E-5
3406,9.552489063935354E-5
3407,9.84006910584867E-5
3408,6.383778963936493E-5
3409,3.632326843217015E-5
3410,5.286686064209789E-5
3411,9.362312994198874E-5
3412,1.2159566540503874E-4
3413,1.1926329170819372E-4
3414,8.745600644033402E-5
3415,5.1373030146351084E-5
3416,4.4002659706166014E-5
3417,6.366134039126337E-5
3418,8.331565913977101E-5
3419,9.728009172249585E-5
3420,1.1681066098390147E-4
3421,1.3143583782948554E-4
3422,1.1518649262143299E-4
3423,7.617798837600276E-5
3424,6.712171307299286E-5
3425,1.0982435924233869E-4
3426,1.4399568317458034E-4
3427,1.1598211131058633E-4
3428,6.333531200652942E-5
3429,3.995198494521901E-5
3430,3.89407723559998E-5
3431,4.2852694605244324E-5
3432,5.7841087254928425E-5
3433,7.486072718165815E-5
3434,7.329892832785845E-5
3435,5.7791512517724186E-5
3436,4.569792508846149E-5
3437,4.23943783971481E-5
3438,5.4517568059964105E-5
3439,9.321499965153635E-5
3440,1.4257618749979883E-4
3441,1.6836221038829535E-4
3442,1.6623431292828172E-4
3443,1.4895148342475295E-4
3444,1.1886801803484559E-4
3445,9.468098869547248E-5
3446,8.991226059151813E-5
3447,7.324926991714165E-5
3448,3.6920431739417836E-5
3449,3.5947356082033366E-5
3450,9.31867616600357E-5
3451,1.51623782585375E-4
3452,1.5385335427708924E-4
3453,1.06820858491119E-4
3454,5.6109965953510255E-5
3455,2.9551752959378064E-5
3456,2.3488990336772986E-5
3457,3.193731026840396E-5
3458,5.526535460376181E-5
3459,7.722613372607157E-5
3460,7.562678365502506E-5
3461,6.61950689391233E-5
3462,8.685325155965984E-5
3463,1.2475620314944535E-4
3464,1.2425886234268546E-4
3465,8.0670572060626E-5
3466,4.6693898184457794E-5
3467,4.814295607502572E-5
3468,6.883995956741273E-5
3469,9.228484850609675E-5
3470,1.0571383609203622E-4
3471,9.701048111310229E-5
3472,7.093109888955951E-5
3473,5.2024486649315804E-5
3474,6.32569135632366E-5
3475,9.391764615429565E-5
3476,1.0859184112632647E-4
3477,1.0290749196428806E-4
3478,1.0280806600349024E-4
3479,1.1001471284544095E-4
3480,1.0722021397668868E-4
3481,9.296409552916884E-5
3482,7.854254363337532E-5
3483,7.69018879509531E-5
3484,8.419821097049862E-5
3485,7.755077967885882E-5
3486,6.136432057246566E-5
3487,6.291353201959282E-5
3488,7.16306603862904E-5
3489,6.409069465007633E-5
3490,5.590277578448877E-5
3491,6.141918856883422E-5
3492,6.60945734125562E-5
3493,5.729465920012444E-5
3494,3.762214328162372E-5
3495,3.2440217182738706E-5
3496,6.38151032035239E-5
3497,9.973889973480254E-5
3498,1.000262054731138E-4
3499,7.764391193632036E-5
3500,5.9473899455042556E-5
3501,5.742210123571567E-5
3502,7.589187589474022E-5
3503,1.0097828635480255E-4
3504,1.1807366536231712E-4
3505,1.2252715532667935E-4
3506,9.896748088067397E-5
3507,5.6978140491992235E-5
3508,4.5758471969747916E-5
3509,6.787906750105321E-5
3510,7.013017602730542E-5
3511,4.492682637646794E-5
3512,3.1931627745507285E-5
3513,3.833160735666752E-5
3514,4.8065408918773755E-5
3515,6.62335442029871E-5
3516,9.440069698030129E-5
3517,1.0692900832509622E-4
3518,9.246041008736938E-5
3519,8.396643534069881E-5
3520,1.1049168097088113E-4
3521,1.4574220404028893E-4
3522,1.4092226047068834E-4
3523,9.08389120013453E-5
3524,4.1675844840938225E-5
3525,3.425580871407874E-5
3526,5.701006739400327E-5
3527,7.614437345182523E-5
3528,8.552226063329726E-5
3529,9.262732783099636E-5
3530,9.468648204347119E-5
3531,9.131944534601644E-5
3532,8.773358422331512E-5
3533,8.770653221290559E-5
3534,9.045506885740906E-5
3535,8.601496665505692E-5
3536,7.606242434121668E-5
3537,8.630483353044838E-5
3538,1.238357654074207E-4
3539,1.604431017767638E-4
3540,1.761869789334014E-4
3541,1.7155605019070208E-4
3542,1.4656207349617034E-4
3543,1.100879890145734E-4
3544,9.142678754869848E-5
3545,1.1073255882365629E-4
3546,1.3793454854749143E-4
3547,1.1801897926488891E-4
3548,6.104038038756698E-5
3549,4.237723260303028E-5
3550,8.809170685708523E-5
3551,1.4390077558346093E-4
3552,1.556485949549824E-4
3553,1.2017038534395397E-4
3554,8.20498462417163E-5
3555,8.014127524802461E-5
3556,9.17916331673041E-5
3557,8.014744526008144E-5
3558,5.355233952286653E-5
3559,3.389139601495117E-5
3560,3.6091209040023386E-5
3561,7.133397593861446E-5
3562,1.1842903768410906E-4
3563,1.3781720190308988E-4
3564,1.221711718244478E-4
3565,9.170109842671081E-5
3566,6.168169056763873E-5
3567,3.5756969737121835E-5
3568,1.892902400868479E-5
3569,2.910880903073121E-5
3570,7.522293890360743E-5
3571,1.2220058124512434E-4
3572,1.1969789193244651E-4
3573,7.648507016710937E-5
3574,5.314937516232021E-5
3575,6.404147279681638E-5
3576,6.269219738896936E-5
3577,4.196066947770305E-5
3578,4.2139941797358915E-5
3579,6.004802344250493E-5
3580,7.08865700289607E-5
3581,9.291392052546144E-5
3582,1.2339542445261031E-4
3583,1.1934595386264846E-4
3584,1.0484867380000651E-4
3585,1.3619688979815692E-4
3586,1.6574795881751925E-4
3587,1.31545850308612E-4
3588,1.0132050374522805E-4
3589,1.378287997795269E-4
3590,1.6459936159662902E-4
3591,1.2030931247863919E-4
3592,6.976004806347191E-5
3593,6.321467662928626E-5
3594,6.641820073127747E-5
3595,7.232099596876651E-5
3596,1.1545864981599152E-4
3597,1.7028674483299255E-4
3598,1.7132538778241724E-4
3599,1.2210356362629682E-4
